word,frequency,compound,negative,neutral,positive
company,63.630803795521004,0.0,0.0,1.0,0.0
business,9.524229051758141,0.0,0.0,1.0,0.0
reputation,2.2727447349864196,0.0,0.0,1.0,0.0
results,5.964740274795548,0.0,0.0,1.0,0.0
operations,6.124385854996426,0.0,0.0,1.0,0.0
financial,8.853859331703879,0.0,0.0,1.0,0.0
condition,5.207857561625218,0.0,0.0,1.0,0.0
stock,2.4517699438420215,0.0,0.0,1.0,0.0
price,3.384950361386751,0.0,0.0,1.0,0.0
affected,3.2926162998089117,-0.1531,1.0,0.0,0.0
number,1.8622974341514802,0.0772,0.0,0.0,1.0
currently,1.6257125072996836,0.0,0.0,1.0,0.0
known,0.17812218770699753,0.0,0.0,1.0,0.0
unknown,0.17812218770699753,0.0,0.0,1.0,0.0
including,6.044130420247836,0.0,0.0,1.0,0.0
described,0.5944532752290123,0.0,0.0,1.0,0.0
below,0.17812218770699753,0.0,0.0,1.0,0.0
risks,3.1675728024639414,-0.2732,1.0,0.0,0.0
materialize,0.06981805801140478,0.0,0.0,1.0,0.0
time,3.8674919413000666,0.0,0.0,1.0,0.0
materially,5.089010713498622,0.0,0.0,1.0,0.0
adversely,7.192703539742034,-0.2023,1.0,0.0,0.0
well,1.2364175351827746,0.2732,0.0,0.0,1.0
affecting,0.8163864687787947,0.0,0.0,1.0,0.0
past,0.659133821590094,0.0,0.0,1.0,0.0
performance,2.079897063333254,0.0,0.0,1.0,0.0
considered,0.24794024571840226,0.0,0.0,1.0,0.0
reliable,0.17812218770699753,0.0,0.0,1.0,0.0
indicator,0.17812218770699753,0.0,0.0,1.0,0.0
future,4.2040042944761815,0.0,0.0,1.0,0.0
investors,0.22999658880112253,0.0,0.0,1.0,0.0
use,2.018381352996382,0.0,0.0,1.0,0.0
historical,0.17812218770699753,0.0,0.0,1.0,0.0
trends,0.35624437541399506,0.0,0.0,1.0,0.0
anticipate,0.17812218770699753,0.0,0.0,1.0,0.0
periods,0.6560590222265222,0.0,0.0,1.0,0.0
discussion,0.35624437541399506,0.0,0.0,1.0,0.0
contains,0.17812218770699753,0.0,0.0,1.0,0.0
forward,0.35624437541399506,0.0,0.0,1.0,0.0
looking,0.17812218770699753,0.0,0.0,1.0,0.0
statements,1.4934215358158391,0.0,0.0,1.0,0.0
read,0.17812218770699753,0.0,0.0,1.0,0.0
conjunction,0.17812218770699753,0.0,0.0,1.0,0.0
management,1.7250129150499443,0.0,0.0,1.0,0.0
analysis,0.579601831017825,0.0,0.0,1.0,0.0
consolidated,0.3388832643028839,0.0,0.0,1.0,0.0
accompanying,0.11125126424980132,0.0,0.0,1.0,0.0
supplementary,0.17812218770699753,0.0,0.0,1.0,0.0
data,3.0267576172141544,0.0,0.0,1.0,0.0
form,0.508907452315395,0.0,0.0,1.0,0.0
macroeconomic,0.33480000889297223,0.0,0.0,1.0,0.0
industry,1.9021694720866296,0.0,0.0,1.0,0.0
depend,0.9797326708468113,0.0,0.0,1.0,0.0
significantly,1.3208486566021993,0.0,0.0,1.0,0.0
global,2.8632214490642705,0.0,0.0,1.0,0.0
regional,0.9915945200032632,0.0,0.0,1.0,0.0
economic,2.6017672117465303,0.0,0.0,1.0,0.0
conditions,2.5714435363433794,0.0,0.0,1.0,0.0
adverse,2.650347791450301,-0.3612,1.0,0.0,0.0
affect,4.667396902284759,0.0,0.0,1.0,0.0
international,3.474555592584642,0.0,0.0,1.0,0.0
sales,4.487560527245257,0.0,0.0,1.0,0.0
outside,0.9440274046117563,0.0,0.0,1.0,0.0
representing,0.18476132090428982,0.0,0.0,1.0,0.0
majority,0.7189960167297467,0.0,0.0,1.0,0.0
total,0.18476132090428982,0.0,0.0,1.0,0.0
net,1.2318587915859114,0.0,0.0,1.0,0.0
addition,2.5462626083708724,0.0,0.0,1.0,0.0
supply,3.7718098553070547,0.0,0.0,1.0,0.0
chain,0.8445523657055901,0.0,0.0,1.0,0.0
large,0.29218871921547185,0.0,0.0,1.0,0.0
complex,0.522789247409561,0.0,0.0,1.0,0.0
supplier,0.8906109385349874,0.0,0.0,1.0,0.0
facilities,0.5137140853387319,0.0,0.0,1.0,0.0
manufacturing,2.8442215923655128,0.0,0.0,1.0,0.0
assembly,0.3110091075171623,0.0,0.0,1.0,0.0
sites,0.06981805801140478,0.0,0.0,1.0,0.0
located,1.0753722594392772,0.0,0.0,1.0,0.0
result,3.9523845205897383,0.0,0.0,1.0,0.0
inflation,0.18476132090428982,0.0,0.0,1.0,0.0
slower,0.0979015577297199,0.0,0.0,1.0,0.0
growth,1.1457016529887005,0.3818,0.0,0.0,1.0
recession,0.1328869198101648,-0.4215,1.0,0.0,0.0
new,5.9148336524288165,0.0,0.0,1.0,0.0
increased,1.1062502275623158,0.2732,0.0,0.0,1.0
tariffs,0.6047137807063219,0.0,0.0,1.0,0.0
barriers,0.054498379313457405,0.0,0.0,1.0,0.0
trade,3.0459572349477244,0.0,0.0,1.0,0.0
changes,3.5226331818647765,0.0,0.0,1.0,0.0
fiscal,0.24413818405996612,0.0,0.0,1.0,0.0
monetary,0.3110091075171623,0.0,0.0,1.0,0.0
policy,0.33376741429913775,0.0,0.0,1.0,0.0
tighter,0.17812218770699753,0.0,0.0,1.0,0.0
credit,2.095904795571698,0.3818,0.0,0.0,1.0
higher,0.7855981755105442,0.0,0.0,1.0,0.0
interest,0.3110091075171623,0.4588,0.0,0.0,1.0
rates,1.7595862215096112,0.0,0.0,1.0,0.0
high,0.8452230044886697,0.0,0.0,1.0,0.0
unemployment,0.22335745560383016,-0.4404,1.0,0.0,0.0
currency,1.6762657908286398,0.0,0.0,1.0,0.0
fluctuations,1.7359866091731422,0.0,0.0,1.0,0.0
impact,2.9543019798722643,0.0,0.0,1.0,0.0
consumer,1.0407601203422086,0.0,0.0,1.0,0.0
confidence,0.5236445852071737,0.5106,0.0,0.0,1.0
spending,0.42574302747745385,0.0,0.0,1.0,0.0
demand,3.2929430727654485,-0.128,1.0,0.0,0.0
products,16.440020387978482,0.0,0.0,1.0,0.0
services,9.637917546572119,0.0,0.0,1.0,0.0
response,0.6617402181252168,0.0,0.0,1.0,0.0
market,2.4382458894160774,0.0,0.0,1.0,0.0
volatility,1.0139441980817467,0.0,0.0,1.0,0.0
negative,0.5870328529538797,-0.5719,1.0,0.0,0.0
news,0.14313682562655258,0.0,0.0,1.0,0.0
real,0.21000774908374875,0.0,0.0,1.0,0.0
estate,0.21000774908374875,0.0,0.0,1.0,0.0
mortgage,0.14313682562655258,0.0,0.0,1.0,0.0
markets,2.3729443262746135,0.0,0.0,1.0,0.0
declines,0.3110091075171623,0.0,0.0,1.0,0.0
income,0.4082288395234724,0.0,0.0,1.0,0.0
asset,0.44559225998604834,0.3612,0.0,0.0,1.0
values,0.4364650053912726,0.4019,0.0,0.0,1.0
energy,0.14313682562655258,0.2732,0.0,0.0,1.0
shortages,0.7274464405536597,-0.1531,1.0,0.0,0.0
cost,2.5752849136760245,0.0,0.0,1.0,0.0
increases,0.4852396057817039,0.0,0.0,1.0,0.0
labor,0.8112452356619375,0.0,0.0,1.0,0.0
healthcare,0.37951322526761444,0.0,0.0,1.0,0.0
costs,3.012716955172125,0.0,0.0,1.0,0.0
uncertainty,0.5862409642151174,-0.34,1.0,0.0,0.0
decline,0.6322681208507124,0.0,0.0,1.0,0.0
significant,5.771585327481461,0.2023,0.0,0.0,1.0
suppliers,2.8553184084447696,0.0,0.0,1.0,0.0
contract,0.5749508576569217,0.0,0.0,1.0,0.0
manufacturers,0.7011986442697942,0.0,0.0,1.0,0.0
logistics,0.8453756706381548,0.0,0.0,1.0,0.0
providers,0.9885124962647072,0.0,0.0,1.0,0.0
distributors,0.6672534829311573,0.0,0.0,1.0,0.0
cellular,1.2232557016125132,0.0,0.0,1.0,0.0
network,1.828767732639954,0.0,0.0,1.0,0.0
carriers,1.4398639610036987,0.0,0.0,1.0,0.0
channel,0.6852047459964106,0.0,0.0,1.0,0.0
partners,2.94299286065165,0.0,0.0,1.0,0.0
potential,0.564741165476603,0.0,0.0,1.0,0.0
effects,0.8325310543969849,0.0,0.0,1.0,0.0
include,1.4152771906448496,0.0,0.0,1.0,0.0
instability,0.24499311116419364,0.0,0.0,1.0,0.0
inability,0.3138279913974955,-0.4019,1.0,0.0,0.0
obtain,1.8582616140848405,0.0,0.0,1.0,0.0
finance,0.22335745560383016,0.0,0.0,1.0,0.0
purchases,0.7602379339288026,0.0,0.0,1.0,0.0
insolvency,0.17812218770699753,0.0,0.0,1.0,0.0
downturn,0.0979015577297199,0.0,0.0,1.0,0.0
environment,0.0979015577297199,0.0,0.0,1.0,0.0
lead,0.3110091075171623,0.0,0.0,1.0,0.0
collectibility,0.2874094951806931,0.0,0.0,1.0,0.0
receivables,1.4466131572163436,0.0,0.0,1.0,0.0
failure,1.7086805810317978,-0.5106,1.0,0.0,0.0
derivative,0.579601831017825,0.0,0.0,1.0,0.0
counterparties,0.17812218770699753,0.0,0.0,1.0,0.0
institutions,0.3334860686320196,0.0,0.0,1.0,0.0
limitations,0.3110091075171623,0.0,0.0,1.0,0.0
ability,3.177119070811467,0.3182,0.0,0.0,1.0
issue,0.17812218770699753,0.0,0.0,1.0,0.0
debt,0.22335745560383016,-0.3612,1.0,0.0,0.0
reduced,0.6310719835183558,0.0,0.0,1.0,0.0
liquidity,0.5343665631209924,0.0,0.0,1.0,0.0
fair,0.4014796433108277,0.3182,0.0,0.0,1.0
value,2.1485574638548512,0.34,0.0,0.0,1.0
instruments,0.6248370989146578,0.0,0.0,1.0,0.0
covid,0.595871379719135,0.0,0.0,1.0,0.0
pandemic,0.68692448142877,0.0,0.0,1.0,0.0
continues,0.19413449533626695,0.0,0.0,1.0,0.0
world,0.16574964356325872,0.0,0.0,1.0,0.0
prompting,0.054498379313457405,0.0,0.0,1.0,0.0
governments,0.19323254358215242,0.0,0.0,1.0,0.0
businesses,0.7847214642359346,0.0,0.0,1.0,0.0
take,0.6207408717877808,0.0,0.0,1.0,0.0
unprecedented,0.054498379313457405,0.0,0.0,1.0,0.0
measures,1.9419474254219402,0.0,0.0,1.0,0.0
included,0.08974688125212502,0.0,0.0,1.0,0.0
restrictions,1.143720679738564,0.0,0.0,1.0,0.0
travel,0.23262056702045494,0.0,0.0,1.0,0.0
temporary,0.09692236947793037,0.0,0.0,1.0,0.0
closures,0.054498379313457405,0.0,0.0,1.0,0.0
quarantine,0.03483269593095986,0.0,0.0,1.0,0.0
shelter,0.054498379313457405,0.0,0.0,1.0,0.0
place,0.2844949681145799,0.0,0.0,1.0,0.0
orders,0.6119045948835434,0.0,0.0,1.0,0.0
times,0.2881735642375119,0.0,0.0,1.0,0.0
curtailed,0.054498379313457405,0.0,0.0,1.0,0.0
activity,0.4107427547274524,0.0,0.0,1.0,0.0
caused,0.3126885308482474,0.0,0.0,1.0,0.0
disruption,0.27785583491728755,-0.3612,1.0,0.0,0.0
taken,0.17677338422515584,0.0,0.0,1.0,0.0
many,2.405140454042265,0.0,0.0,1.0,0.0
countries,0.9864106567913058,0.0,0.0,1.0,0.0
during,0.2844949681145799,0.0,0.0,1.0,0.0
course,0.23262056702045494,0.0,0.0,1.0,0.0
certain,2.907979245484925,0.2732,0.0,0.0,1.0
component,1.237307669087337,0.0,0.0,1.0,0.0
logistical,0.23262056702045494,0.0,0.0,1.0,0.0
service,2.390012620856333,0.0,0.0,1.0,0.0
experienced,0.934859412032057,0.0,0.0,1.0,0.0
disruptions,1.5441780889770957,-0.34,1.0,0.0,0.0
resulting,0.8386372776334223,0.0,0.0,1.0,0.0
worldwide,0.5012132905211177,0.0,0.0,1.0,0.0
similar,0.3143390970781675,0.0,0.0,1.0,0.0
occur,1.0439076133501504,0.0,0.0,1.0,0.0
public,1.3735864066703845,0.0,0.0,1.0,0.0
safety,0.4658232892634942,0.4215,0.0,0.0,1.0
areas,0.1856162480085174,0.0,0.0,1.0,0.0
monitor,0.23262056702045494,0.0,0.0,1.0,0.0
situation,0.054498379313457405,0.0,0.0,1.0,0.0
appropriate,0.23262056702045494,0.0,0.0,1.0,0.0
actions,1.3101950969250655,0.0,0.0,1.0,0.0
accordance,0.14398212070735972,0.0,0.0,1.0,0.0
recommendations,0.054498379313457405,0.0,0.0,1.0,0.0
requirements,1.8487258037080858,0.0,0.0,1.0,0.0
relevant,0.054498379313457405,0.0,0.0,1.0,0.0
authorities,0.387984447945477,0.0,0.0,1.0,0.0
extent,0.36098539653433975,0.0,0.0,1.0,0.0
operational,0.3018560792256911,0.0,0.0,1.0,0.0
remains,0.32420614788775864,0.0,0.0,1.0,0.0
uncertain,0.32973023601141266,-0.296,1.0,0.0,0.0
control,0.6859746114254077,0.0,0.0,1.0,0.0
timing,0.054498379313457405,0.0,0.0,1.0,0.0
trajectory,0.054498379313457405,0.0,0.0,1.0,0.0
duration,0.054498379313457405,0.0,0.0,1.0,0.0
emergence,0.03483269593095986,0.0,0.0,1.0,0.0
variants,0.03483269593095986,0.0,0.0,1.0,0.0
development,0.5711840146820075,0.0,0.0,1.0,0.0
availability,1.969448481748091,0.0,0.0,1.0,0.0
distribution,1.1658041816251234,0.0,0.0,1.0,0.0
effectiveness,0.03483269593095986,0.0,0.0,1.0,0.0
vaccines,0.054498379313457405,0.0,0.0,1.0,0.0
treatments,0.054498379313457405,0.0,0.0,1.0,0.0
imposition,0.21380017871876447,0.0,0.0,1.0,0.0
protective,0.19848050002081713,0.0,0.0,1.0,0.0
economy,0.30474319730324606,0.0,0.0,1.0,0.0
additional,1.2010331093083189,0.0,0.0,1.0,0.0
impacts,0.40414942172423146,0.0,0.0,1.0,0.0
material,1.3967031235917093,0.0,0.0,1.0,0.0
channels,0.3673395763111899,0.0,0.0,1.0,0.0
execute,0.054498379313457405,0.0,0.0,1.0,0.0
strategic,0.07416406269595495,0.0,0.0,1.0,0.0
plans,0.1873852991236222,0.0,0.0,1.0,0.0
profitability,0.45597802262428505,0.2732,0.0,0.0,1.0
structure,0.24287047283684268,0.0,0.0,1.0,0.0
affects,0.2553788738024303,0.0,0.0,1.0,0.0
effect,0.9031654166227616,0.0,0.0,1.0,0.0
heightening,0.054498379313457405,0.0,0.0,1.0,0.0
impacted,0.779359674285186,0.0,0.0,1.0,0.0
political,1.2285074084381082,0.0,0.0,1.0,0.0
events,1.1788617392701743,0.0,0.0,1.0,0.0
disputes,1.1077226974588712,-0.2732,1.0,0.0,0.0
war,0.4996443408987702,-0.5994,1.0,0.0,0.0
terrorism,0.5343665631209924,-0.6808,1.0,0.0,0.0
natural,1.0687331262419848,0.3612,0.0,0.0,1.0
disasters,1.0234978583451522,-0.5574,1.0,0.0,0.0
health,1.7137922518048556,0.0,0.0,1.0,0.0
issues,1.8670414395027373,0.0,0.0,1.0,0.0
industrial,0.7549051348444893,0.0,0.0,1.0,0.0
accidents,0.9330273225514869,-0.3182,1.0,0.0,0.0
interruptions,0.4457281168078973,-0.4019,1.0,0.0,0.0
harm,0.771584830925576,-0.5423,1.0,0.0,0.0
disrupt,0.4332841124288607,0.0,0.0,1.0,0.0
commerce,0.3388832643028839,0.0,0.0,1.0,0.0
customers,2.9686572958853907,0.0,0.0,1.0,0.0
believes,1.3363390553428847,0.0,0.0,1.0,0.0
generally,1.1361087292847074,0.0,0.0,1.0,0.0
benefits,0.3826592550091373,0.3818,0.0,0.0,1.0
substantially,0.9451093178484449,0.0,0.0,1.0,0.0
performed,0.43270156662269205,0.0,0.0,1.0,0.0
whole,0.5164229062037127,0.0,0.0,1.0,0.0
outsourcing,1.6294045059427673,0.0,0.0,1.0,0.0
primarily,0.764363151922115,0.0,0.0,1.0,0.0
asia,0.6943924277612252,0.0,0.0,1.0,0.0
china,0.2694984457515088,0.0,0.0,1.0,0.0
mainland,0.15824718150170747,0.0,0.0,1.0,0.0
india,0.10374880218825007,0.0,0.0,1.0,0.0
japan,0.10374880218825007,0.0,0.0,1.0,0.0
south,0.10374880218825007,0.0,0.0,1.0,0.0
korea,0.10374880218825007,0.0,0.0,1.0,0.0
taiwan,0.10374880218825007,0.0,0.0,1.0,0.0
vietnam,0.10374880218825007,0.0,0.0,1.0,0.0
policies,0.7218753277801189,0.0,0.0,1.0,0.0
conflicts,0.06876344010780516,-0.3818,1.0,0.0,0.0
sanctions,0.054498379313457405,0.0,0.0,1.0,0.0
restrict,0.23262056702045494,-0.3818,1.0,0.0,0.0
particularly,0.37313341442767517,0.0,0.0,1.0,0.0
regions,0.38635125365222106,0.0,0.0,1.0,0.0
derives,0.11874532455132121,0.0,0.0,1.0,0.0
portion,0.5646053086547539,0.0,0.0,1.0,0.0
revenues,0.06923551220523615,0.0,0.0,1.0,0.0
example,1.142629782625289,0.0,0.0,1.0,0.0
tensions,0.1980568198053569,-0.4019,1.0,0.0,0.0
led,0.11125126424980132,0.0,0.0,1.0,0.0
series,0.07626590216935641,0.0,0.0,1.0,0.0
imposed,0.09389015313869022,-0.0772,1.0,0.0,0.0
imports,0.16574964356325872,0.0,0.0,1.0,0.0
increase,1.515585529563357,0.3182,0.0,0.0,1.0
components,4.8495289596907565,0.0,0.0,1.0,0.0
raw,0.115262668840831,0.0,0.0,1.0,0.0
materials,0.115262668840831,0.0,0.0,1.0,0.0
into,1.5118939416136579,0.0,0.0,1.0,0.0
making,0.15727842088539618,0.0,0.0,1.0,0.0
gross,1.1666346839717048,-0.4767,1.0,0.0,0.0
margin,0.23360736142021796,0.0,0.0,1.0,0.0
earns,0.4161323442503432,0.0,0.0,1.0,0.0
make,1.6386524232138173,0.0,0.0,1.0,0.0
expensive,0.5436296745376172,0.0,0.0,1.0,0.0
less,0.4022715320495899,0.0,0.0,1.0,0.0
competitive,1.7255840372072693,0.1779,0.0,0.0,1.0
reduce,0.81039030855771,0.0,0.0,1.0,0.0
adopt,0.20620568742531262,0.1779,0.0,0.0,1.0
controls,0.4042949105695008,0.0,0.0,1.0,0.0
exports,0.08948374139390232,0.0,0.0,1.0,0.0
goods,0.5804471260986322,0.0,0.0,1.0,0.0
technology,2.417332636837809,0.0,0.0,1.0,0.0
limit,1.0127540761511504,0.0,0.0,1.0,0.0
offer,1.8405562708567889,0.0,0.0,1.0,0.0
designed,0.6542177295662893,0.0,0.0,1.0,0.0
require,1.5255024171641012,0.0,0.0,1.0,0.0
various,1.0556365168633204,0.0,0.0,1.0,0.0
changing,0.9455463076954048,0.0,0.0,1.0,0.0
restructuring,0.06981805801140478,0.0,0.0,1.0,0.0
relationships,0.8255760940846748,0.0,0.0,1.0,0.0
ceasing,0.06981805801140478,0.0,0.0,1.0,0.0
party,4.049022531380075,0.4019,0.0,0.0,1.0
applications,3.1600267332450906,0.0,0.0,1.0,0.0
platforms,0.9103060033675044,0.0,0.0,1.0,0.0
changed,0.08948374139390232,0.0,0.0,1.0,0.0
consuming,0.33447685255809606,0.0,0.0,1.0,0.0
disruptive,0.2676059291008998,-0.3182,1.0,0.0,0.0
announced,0.22853731161054325,0.0,0.0,1.0,0.0
little,0.4703109069224694,0.0,0.0,1.0,0.0
advance,0.4807134788883422,0.0,0.0,1.0,0.0
notice,0.1593017994053071,0.0,0.0,1.0,0.0
able,1.0499127379402946,0.0,0.0,1.0,0.0
effectively,1.2130384032842207,0.4404,0.0,0.0,1.0
mitigate,0.4072420451237094,0.0,0.0,1.0,0.0
further,1.1630733374503774,0.0,0.0,1.0,0.0
escalate,0.10374880218825007,0.0,0.0,1.0,0.0
severe,0.2645098787841364,-0.3818,1.0,0.0,0.0
restrictive,0.12184512525501486,0.0,0.0,1.0,0.0
surrounding,0.1155258086990537,0.0,0.0,1.0,0.0
critical,0.40811877650812006,-0.3182,1.0,0.0,0.0
locations,0.81039030855771,0.0,0.0,1.0,0.0
prone,0.1328869198101648,0.0,0.0,1.0,0.0
earthquakes,0.1328869198101648,0.0,0.0,1.0,0.0
subject,6.347185586810886,0.0,0.0,1.0,0.0
interruption,0.443896027327327,-0.3612,1.0,0.0,0.0
fire,0.17812218770699753,-0.34,1.0,0.0,0.0
power,0.5343665631209924,0.0,0.0,1.0,0.0
nuclear,0.17812218770699753,0.0,0.0,1.0,0.0
plant,0.3110091075171623,0.0,0.0,1.0,0.0
terrorist,0.17812218770699753,-0.6908,1.0,0.0,0.0
attacks,0.8968451825879534,-0.4404,1.0,0.0,0.0
hostile,0.17812218770699753,-0.3818,1.0,0.0,0.0
acts,0.35624437541399506,0.0,0.0,1.0,0.0
ransomware,0.27927223204561913,0.0,0.0,1.0,0.0
cybersecurity,0.13963611602280956,0.0,0.0,1.0,0.0
pandemics,0.2502448179897887,0.0,0.0,1.0,0.0
climate,0.29981464681252734,0.0,0.0,1.0,0.0
change,1.859379290463707,0.0,0.0,1.0,0.0
types,0.8028061916284126,0.0,0.0,1.0,0.0
occurring,0.1328869198101648,0.0,0.0,1.0,0.0
frequently,0.48913129522415977,0.0,0.0,1.0,0.0
intense,0.7220750185794909,0.0772,0.0,0.0,1.0
difficult,0.35624437541399506,-0.3612,1.0,0.0,0.0
impossible,0.35624437541399506,0.0,0.0,1.0,0.0
manufacture,0.7514855174994646,0.0,0.0,1.0,0.0
deliver,0.3110091075171623,0.0,0.0,1.0,0.0
create,0.4500626777338032,0.2732,0.0,0.0,1.0
delays,0.5381686247794286,0.0,0.0,1.0,0.0
inefficiencies,0.17812218770699753,0.0,0.0,1.0,0.0
slowdowns,0.3110091075171623,0.0,0.0,1.0,0.0
outages,0.3110091075171623,0.0,0.0,1.0,0.0
offerings,0.6836277996425053,0.0,0.0,1.0,0.0
substantial,1.944017208774809,0.2023,0.0,0.0,1.0
recovery,0.35624437541399506,0.0,0.0,1.0,0.0
experience,1.71140381905857,0.0,0.0,1.0,0.0
expenditures,0.17812218770699753,0.0,0.0,1.0,0.0
resume,0.17812218770699753,0.0,0.0,1.0,0.0
lose,0.2882508007351869,-0.4019,1.0,0.0,0.0
relies,1.0234978583451522,0.0,0.0,1.0,0.0
single,0.7776634416264647,0.0,0.0,1.0,0.0
limited,1.3132543951660942,-0.2263,1.0,0.0,0.0
sources,0.6220182150343246,0.0,0.0,1.0,0.0
exacerbate,0.1328869198101648,0.0,0.0,1.0,0.0
consequences,0.3110091075171623,0.0,0.0,1.0,0.0
required,0.937338443905347,0.0,0.0,1.0,0.0
maintain,0.7756676756421023,0.0,0.0,1.0,0.0
safe,0.17812218770699753,0.4404,0.0,0.0,1.0
working,0.24794024571840226,0.0,0.0,1.0,0.0
environments,0.22335745560383016,0.0,0.0,1.0,0.0
accident,0.17812218770699753,-0.4767,1.0,0.0,0.0
serious,0.051874401094125035,-0.0772,1.0,0.0,0.0
injuries,0.051874401094125035,0.0,0.0,1.0,0.0
loss,1.2939874786063217,-0.3182,1.0,0.0,0.0
life,0.34124785305092387,0.0,0.0,1.0,0.0
major,0.35624437541399506,0.0,0.0,1.0,0.0
due,1.0366948987157487,0.0,0.0,1.0,0.0
stringent,0.17812218770699753,0.0,0.0,1.0,0.0
employee,0.5571248699029678,0.0,0.0,1.0,0.0
freight,0.17812218770699753,0.0,0.0,1.0,0.0
movement,0.17812218770699753,0.0,0.0,1.0,0.0
current,0.7803368366615288,0.0,0.0,1.0,0.0
production,0.814192370216146,0.0,0.0,1.0,0.0
ramps,0.17812218770699753,0.0,0.0,1.0,0.0
maintains,0.4447373328818209,0.0,0.0,1.0,0.0
insurance,1.0675968534706395,0.0,0.0,1.0,0.0
coverage,1.000725930013443,0.0,0.0,1.0,0.0
losses,1.8691521432035647,-0.4019,1.0,0.0,0.0
insufficient,0.6228595205888183,0.0,0.0,1.0,0.0
cover,0.6228595205888183,0.0,0.0,1.0,0.0
arise,0.8668618478269356,0.0,0.0,1.0,0.0
highly,0.8694859779619106,0.0,0.0,1.0,0.0
rapid,1.0018622027847888,0.0,0.0,1.0,0.0
technological,0.6456178273707938,0.0,0.0,1.0,0.0
unable,0.8050651156213702,0.0,0.0,1.0,0.0
compete,0.9803720360696946,0.0,0.0,1.0,0.0
offered,0.2657738396203296,0.0,0.0,1.0,0.0
characterized,0.17812218770699753,0.0,0.0,1.0,0.0
aggressive,0.35624437541399506,-0.1531,1.0,0.0,0.0
competition,1.7520543490199034,0.0,0.0,1.0,0.0
downward,0.2893734519567988,0.0,0.0,1.0,0.0
pressure,0.2893734519567988,-0.296,1.0,0.0,0.0
margins,1.6830571794820322,0.0,0.0,1.0,0.0
frequent,0.35624437541399506,0.0,0.0,1.0,0.0
introduction,0.7883029690604796,0.0,0.0,1.0,0.0
short,0.35624437541399506,0.0,0.0,1.0,0.0
product,6.019483581224624,0.0,0.0,1.0,0.0
cycles,0.2893734519567988,0.0,0.0,1.0,0.0
evolving,0.304629296677223,0.0,0.0,1.0,0.0
standards,0.598468019513587,0.0,0.0,1.0,0.0
continual,0.17812218770699753,0.0,0.0,1.0,0.0
improvement,0.17812218770699753,0.4588,0.0,0.0,1.0
characteristics,0.17812218770699753,0.0,0.0,1.0,0.0
adoption,0.35624437541399506,0.0,0.0,1.0,0.0
advancements,0.17812218770699753,0.0,0.0,1.0,0.0
competitors,1.901089852842908,0.0,0.0,1.0,0.0
sensitivity,0.17812218770699753,0.0,0.0,1.0,0.0
consumers,0.5066988694103851,0.0,0.0,1.0,0.0
successfully,0.7823068088393947,0.4939,0.0,0.0,1.0
depends,1.4768519027501048,0.0,0.0,1.0,0.0
heavily,0.17812218770699753,0.0,0.0,1.0,0.0
ensuring,0.08948374139390232,0.2732,0.0,0.0,1.0
continuing,0.19778787108949505,0.0,0.0,1.0,0.0
timely,0.6041846211323971,0.0,0.0,1.0,0.0
innovative,0.5343665631209924,0.4404,0.0,0.0,1.0
technologies,0.8867366153642842,0.0,0.0,1.0,0.0
marketplace,0.17812218770699753,0.0,0.0,1.0,0.0
designs,0.17812218770699753,0.0,0.0,1.0,0.0
develops,0.17812218770699753,0.0,0.0,1.0,0.0
nearly,0.17812218770699753,0.0,0.0,1.0,0.0
entire,0.17812218770699753,0.0,0.0,1.0,0.0
solution,0.17812218770699753,0.3182,0.0,0.0,1.0
hardware,1.3354937602620778,0.0,0.0,1.0,0.0
operating,4.16696259643213,0.0,0.0,1.0,0.0
system,1.4702127695528129,0.0,0.0,1.0,0.0
numerous,0.8207928805235827,0.0,0.0,1.0,0.0
software,3.1403152496685216,0.0,0.0,1.0,0.0
related,1.2514736798217905,0.0,0.0,1.0,0.0
investments,0.6314762321119501,0.0,0.0,1.0,0.0
there,2.8459822216107855,0.0,0.0,1.0,0.0
assurance,2.637038742563858,0.34,0.0,0.0,1.0
achieve,0.2366357219984149,0.0,0.0,1.0,0.0
expected,0.737071540942562,0.0,0.0,1.0,0.0
returns,0.3110091075171623,0.0,0.0,1.0,0.0
develop,1.2417394639452364,0.0,0.0,1.0,0.0
holds,0.17812218770699753,0.0,0.0,1.0,0.0
patents,0.9136369694343471,0.0,0.0,1.0,0.0
trademarks,0.2893734519567988,0.0,0.0,1.0,0.0
copyrights,0.2893734519567988,0.0,0.0,1.0,0.0
registered,0.17812218770699753,0.0,0.0,1.0,0.0
applied,0.22999658880112253,0.0,0.0,1.0,0.0
register,0.17812218770699753,0.0,0.0,1.0,0.0
contrast,0.17812218770699753,0.0,0.0,1.0,0.0
seek,0.7996679199505059,0.0,0.0,1.0,0.0
pricing,1.4033418460956169,0.0,0.0,1.0,0.0
low,0.22335745560383016,-0.2732,1.0,0.0,0.0
structures,0.5064924063352709,0.0,0.0,1.0,0.0
imitating,0.06981805801140478,0.0,0.0,1.0,0.0
infringing,0.31213175873877425,0.0,0.0,1.0,0.0
intellectual,2.17931267168502,0.5106,0.0,0.0,1.0
property,2.44508651130535,0.0,0.0,1.0,0.0
effective,0.9836411897267043,0.4767,0.0,0.0,1.0
protection,0.7321544342104876,0.0,0.0,1.0,0.0
consistently,0.08948374139390232,0.0,0.0,1.0,0.0
available,1.1967029393200752,0.0,0.0,1.0,0.0
every,0.08948374139390232,0.0,0.0,1.0,0.0
country,0.22322558830829464,0.0,0.0,1.0,0.0
operates,0.15635466485109847,0.0,0.0,1.0,0.0
continue,1.9243587026965276,0.0,0.0,1.0,0.0
sell,0.35624437541399506,0.0,0.0,1.0,0.0
attractive,0.30436997431986995,0.4404,0.0,0.0,1.0
infringe,0.31213175873877425,0.0,0.0,1.0,0.0
advantage,0.5137140853387319,0.25,0.0,0.0,1.0
minority,0.4014796433108277,0.0,0.0,1.0,0.0
share,1.2693322750638396,0.296,0.0,0.0,1.0
smartphone,0.3110091075171623,0.0,0.0,1.0,0.0
personal,1.2662539908844495,0.0,0.0,1.0,0.0
computer,0.6023601377998005,0.0,0.0,1.0,0.0
tablet,0.2657738396203296,0.0,0.0,1.0,0.0
faces,0.4683505667680238,0.0,0.0,1.0,0.0
companies,1.3178000127083123,0.0,0.0,1.0,0.0
technical,0.3110091075171623,0.0,0.0,1.0,0.0
marketing,0.42423795009280313,0.0,0.0,1.0,0.0
resources,1.0403868973588322,0.0,0.0,1.0,0.0
established,0.3110091075171623,0.0,0.0,1.0,0.0
digital,1.9363596057347672,0.0,0.0,1.0,0.0
content,3.2397046647618706,0.0,0.0,1.0,0.0
broader,0.17812218770699753,0.0,0.0,1.0,0.0
lines,0.26676063402009265,0.0,0.0,1.0,0.0
lower,0.6666705264316033,-0.296,1.0,0.0,0.0
priced,0.17812218770699753,0.0,0.0,1.0,0.0
larger,0.4014796433108277,0.0,0.0,1.0,0.0
installed,0.17812218770699753,0.0,0.0,1.0,0.0
base,0.17812218770699753,0.0,0.0,1.0,0.0
active,0.1328869198101648,0.4019,0.0,0.0,1.0
devices,0.9601785106004018,0.0,0.0,1.0,0.0
aggressively,0.17812218770699753,-0.3182,1.0,0.0,0.0
cut,0.17812218770699753,-0.2732,1.0,0.0,0.0
prices,0.848194554518488,0.0,0.0,1.0,0.0
lowered,0.17812218770699753,-0.128,1.0,0.0,0.0
provide,1.0687331262419848,0.0,0.0,1.0,0.0
profit,0.3909665976362173,0.4404,0.0,0.0,1.0
even,0.2008804944889729,0.0,0.0,1.0,0.0
competes,0.9566269348879561,0.0,0.0,1.0,0.0
contracted,0.1328869198101648,0.0,0.0,1.0,0.0
overall,0.17995427718756768,0.0,0.0,1.0,0.0
additionally,0.7124887508279901,0.0,0.0,1.0,0.0
imitate,0.35624437541399506,0.0,0.0,1.0,0.0
features,0.24987120442282837,0.0,0.0,1.0,0.0
collaborate,0.17812218770699753,0.0,0.0,1.0,0.0
solutions,0.8906109385349874,0.1779,0.0,0.0,1.0
expects,0.42621509957488485,0.0,0.0,1.0,0.0
intensify,0.17812218770699753,0.0,0.0,1.0,0.0
approach,0.17812218770699753,0.0,0.0,1.0,0.0
providing,0.42311529887119115,0.0,0.0,1.0,0.0
seamlessly,0.17812218770699753,0.0,0.0,1.0,0.0
work,0.21573152800677478,0.0,0.0,1.0,0.0
collaboratively,0.17812218770699753,0.0,0.0,1.0,0.0
integrated,0.17812218770699753,0.0,0.0,1.0,0.0
face,0.22237066120406712,0.0,0.0,1.0,0.0
customer,1.4896416493828106,0.0,0.0,1.0,0.0
bases,0.1328869198101648,0.0,0.0,1.0,0.0
models,0.17812218770699753,0.0,0.0,1.0,0.0
users,0.5936715754577868,0.0,0.0,1.0,0.0
free,0.17812218770699753,0.5106,0.0,0.0,1.0
illegitimate,0.17812218770699753,0.0,0.0,1.0,0.0
means,0.17812218770699753,0.0,0.0,1.0,0.0
continually,0.42423795009280313,0.0,0.0,1.0,0.0
improve,0.22335745560383016,0.4404,0.0,0.0,1.0
functional,0.22335745560383016,0.0,0.0,1.0,0.0
design,0.7474741129084349,0.0,0.0,1.0,0.0
advantages,0.22335745560383016,0.3612,0.0,0.0,1.0
remain,0.2623542222753048,0.0,0.0,1.0,0.0
stimulate,0.4674956396637963,0.2263,0.0,0.0,1.0
manage,1.2564415817004833,0.0,0.0,1.0,0.0
introductions,1.0234978583451522,0.0,0.0,1.0,0.0
transitions,0.42311529887119115,0.0,0.0,1.0,0.0
volatile,0.35624437541399506,0.0,0.0,1.0,0.0
nature,0.22335745560383016,0.0,0.0,1.0,0.0
industries,0.6456178273707938,0.0,0.0,1.0,0.0
introduce,0.17812218770699753,0.0,0.0,1.0,0.0
enhance,0.35624437541399506,0.0,0.0,1.0,0.0
existing,0.7866027468754451,0.0,0.0,1.0,0.0
upgraded,0.35624437541399506,0.0,0.0,1.0,0.0
transition,0.17812218770699753,0.0,0.0,1.0,0.0
success,0.6560590222265222,0.5719,0.0,0.0,1.0
successful,0.35624437541399506,0.5859,0.0,0.0,1.0
acceptance,0.38082716552856705,0.4588,0.0,0.0,1.0
associated,1.7469459532484883,0.0,0.0,1.0,0.0
ramp,0.17812218770699753,0.0,0.0,1.0,0.0
application,0.33684144130613597,0.0,0.0,1.0,0.0
purchase,1.0914914330239602,0.0,0.0,1.0,0.0
commitments,0.7930291974465988,0.128,0.0,0.0,1.0
inventory,1.7010012470926972,0.0,0.0,1.0,0.0
levels,0.35624437541399506,0.0,0.0,1.0,0.0
line,0.17812218770699753,0.0,0.0,1.0,0.0
anticipated,1.2016200460521498,0.0,0.0,1.0,0.0
quantities,0.8699584607527269,0.0,0.0,1.0,0.0
meet,0.7191278840252823,0.0,0.0,1.0,0.0
quality,1.2016200460521498,0.0,0.0,1.0,0.0
defects,1.1563847781553172,-0.4019,1.0,0.0,0.0
deficiencies,0.17812218770699753,0.0,0.0,1.0,0.0
provided,0.7227844568384492,0.0,0.0,1.0,0.0
concentration,0.1328869198101648,0.0,0.0,1.0,0.0
small,0.48913129522415977,0.0,0.0,1.0,0.0
often,0.6444951761491818,0.0,0.0,1.0,0.0
additions,0.051874401094125035,0.0,0.0,1.0,0.0
considerable,0.051874401094125035,0.0,0.0,1.0,0.0
involve,0.22999658880112253,0.0,0.0,1.0,0.0
uncertainties,0.7285859011029079,-0.34,1.0,0.0,0.0
outsourced,0.17812218770699753,0.0,0.0,1.0,0.0
much,0.5343665631209924,0.0,0.0,1.0,0.0
transportation,0.17812218770699753,0.0,0.0,1.0,0.0
arrangements,1.4947955596673845,0.0,0.0,1.0,0.0
direct,0.33460871985363155,0.0,0.0,1.0,0.0
diminished,0.17812218770699753,0.0,0.0,1.0,0.0
quantity,0.17812218770699753,0.0,0.0,1.0,0.0
manufactured,0.06981805801140478,0.0,0.0,1.0,0.0
flexibility,0.22999658880112253,0.34,0.0,0.0,1.0
respond,0.17812218770699753,0.0,0.0,1.0,0.0
contain,0.2685927235006628,0.0,0.0,1.0,0.0
provisions,0.37872133652885226,0.0,0.0,1.0,0.0
defect,0.2893734519567988,-0.34,1.0,0.0,0.0
expense,0.22335745560383016,0.0,0.0,1.0,0.0
reimbursement,0.17812218770699753,0.0,0.0,1.0,0.0
responsible,0.17812218770699753,0.3182,0.0,0.0,1.0
warranty,0.779359674285186,0.0,0.0,1.0,0.0
event,0.4239566044256849,0.0,0.0,1.0,0.0
experiences,0.28988414694408543,0.0,0.0,1.0,0.0
unanticipated,0.22335745560383016,0.0,0.0,1.0,0.0
liabilities,0.7493666295590439,-0.2023,1.0,0.0,0.0
adhere,0.22999658880112253,0.0,0.0,1.0,0.0
code,0.35624437541399506,0.0,0.0,1.0,0.0
conduct,0.35624437541399506,0.0,0.0,1.0,0.0
violations,0.48899543840231086,-0.5267,1.0,0.0,0.0
source,0.5551472915771284,0.0,0.0,1.0,0.0
europe,0.24794024571840226,0.0,0.0,1.0,0.0
final,0.5343665631209924,0.0,0.0,1.0,0.0
perform,0.24119104950575754,0.0,0.0,1.0,0.0
finished,0.35624437541399506,0.0,0.0,1.0,0.0
transit,0.17812218770699753,0.0,0.0,1.0,0.0
destinations,0.17812218770699753,0.0,0.0,1.0,0.0
disrupted,0.19548329881810864,0.0,0.0,1.0,0.0
variety,0.6456178273707938,0.0,0.0,1.0,0.0
reasons,0.5343665631209924,0.0,0.0,1.0,0.0
man,0.17812218770699753,0.0,0.0,1.0,0.0
made,0.674002679143802,0.0,0.0,1.0,0.0
information,4.284376567829071,0.0,0.0,1.0,0.0
failures,1.0914914330239602,-0.4588,1.0,0.0,0.0
commercial,0.38757636174121174,0.0,0.0,1.0,0.0
armed,0.06902657996602785,0.0,0.0,1.0,0.0
conflict,0.1558321355215834,-0.3182,1.0,0.0,0.0
environmental,0.8491523021793413,0.0,0.0,1.0,0.0
invested,0.5343665631209924,0.0,0.0,1.0,0.0
process,0.46637298844218433,0.0,0.0,1.0,0.0
equipment,0.7301696785804321,0.0,0.0,1.0,0.0
held,0.35624437541399506,0.0,0.0,1.0,0.0
prepayments,1.3797422337591472,0.0,0.0,1.0,0.0
long,1.0687331262419848,0.0,0.0,1.0,0.0
term,0.8906109385349874,0.0,0.0,1.0,0.0
agreements,2.084919097040256,0.2732,0.0,0.0,1.0
help,0.35624437541399506,0.4019,0.0,0.0,1.0
ensure,0.44488282172709015,0.3818,0.0,0.0,1.0
problems,0.35624437541399506,-0.4019,1.0,0.0,0.0
continued,1.1973455016028973,0.0,0.0,1.0,0.0
terminated,0.17812218770699753,0.0,0.0,1.0,0.0
recoverability,0.1328869198101648,0.0,0.0,1.0,0.0
negatively,0.5693519252014374,0.0,0.0,1.0,0.0
upon,0.2864263174025902,0.0,0.0,1.0,0.0
sufficient,1.025322341677749,0.0,0.0,1.0,0.0
commercially,1.51373818324119,0.0,0.0,1.0,0.0
reasonable,2.23135640562266,0.0,0.0,1.0,0.0
terms,2.1949467814881674,0.0,0.0,1.0,0.0
obtains,0.17812218770699753,0.0,0.0,1.0,0.0
multiple,0.32125901333355006,0.0,0.0,1.0,0.0
wide,0.4674956396637963,0.0,0.0,1.0,0.0
commodity,0.17812218770699753,0.0,0.0,1.0,0.0
semiconductor,0.06981805801140478,0.0,0.0,1.0,0.0
experiencing,0.03483269593095986,0.0,0.0,1.0,0.0
entered,0.47662289425857207,0.0,0.0,1.0,0.0
extend,0.17812218770699753,0.1779,0.0,0.0,1.0
renew,0.35624437541399506,0.0,0.0,1.0,0.0
suffer,0.35624437541399506,-0.5423,1.0,0.0,0.0
poor,0.5239639911551196,-0.4767,1.0,0.0,0.0
consolidation,0.2685927235006628,0.0,0.0,1.0,0.0
particular,0.44488282172709015,0.0,0.0,1.0,0.0
limiting,0.5757997693593889,0.0,0.0,1.0,0.0
utilize,0.35624437541399506,0.0,0.0,1.0,0.0
custom,0.17812218770699753,0.0,0.0,1.0,0.0
uses,0.3790026821959704,0.0,0.0,1.0,0.0
initial,0.19778787108949505,0.0,0.0,1.0,0.0
capacity,0.24499311116419364,0.0,0.0,1.0,0.0
constraints,0.24794024571840226,0.0,0.0,1.0,0.0
exist,0.3110091075171623,0.0,0.0,1.0,0.0
until,0.17812218770699753,0.0,0.0,1.0,0.0
yields,0.17812218770699753,0.0,0.0,1.0,0.0
matured,0.17812218770699753,0.0,0.0,1.0,0.0
capacities,0.11125126424980132,0.0,0.0,1.0,0.0
acceptable,0.6012374865781885,0.3182,0.0,0.0,1.0
decide,0.35624437541399506,0.0,0.0,1.0,0.0
concentrate,0.17812218770699753,0.0,0.0,1.0,0.0
common,0.17812218770699753,0.0,0.0,1.0,0.0
instead,0.17812218770699753,0.0,0.0,1.0,0.0
customized,0.17812218770699753,0.0,0.0,1.0,0.0
delayed,0.38564181539326275,-0.2263,1.0,0.0,0.0
constrained,0.17812218770699753,-0.1027,1.0,0.0,0.0
partner,0.23877118045586834,0.0,0.0,1.0,0.0
shipments,0.35624437541399506,0.0,0.0,1.0,0.0
completed,0.17812218770699753,0.0,0.0,1.0,0.0
depending,0.17812218770699753,0.0,0.0,1.0,0.0
identify,0.2027049778215696,0.0,0.0,1.0,0.0
alternative,0.3422728125763889,0.0,0.0,1.0,0.0
offers,0.4183264428129919,0.0,0.0,1.0,0.0
sophisticated,0.17812218770699753,0.5574,0.0,0.0,1.0
unexpectedly,0.17812218770699753,0.0,0.0,1.0,0.0
interfere,0.17812218770699753,0.0,0.0,1.0,0.0
intended,0.6789360527042859,0.0,0.0,1.0,0.0
operation,0.39122973749443996,0.0,0.0,1.0,0.0
parties,1.4061065042065626,0.4019,0.0,0.0,1.0
unsafe,0.1328869198101648,0.0,0.0,1.0,0.0
damage,0.3790026821959704,-0.4939,1.0,0.0,0.0
injury,0.1328869198101648,-0.4215,1.0,0.0,0.0
introduced,0.20212243201540095,0.0,0.0,1.0,0.0
specialized,0.18476132090428982,0.0,0.0,1.0,0.0
errors,0.19548329881810864,-0.34,1.0,0.0,0.0
expectations,1.2177171963270677,0.0,0.0,1.0,0.0
detect,0.17812218770699753,0.0,0.0,1.0,0.0
fix,0.17812218770699753,0.0,0.0,1.0,0.0
widespread,0.1328869198101648,0.0,0.0,1.0,0.0
exposed,1.0107172279971484,-0.0772,1.0,0.0,0.0
liability,0.7493886528688091,-0.2023,1.0,0.0,0.0
claims,1.9172470685580465,0.0,0.0,1.0,0.0
recalls,0.1328869198101648,0.0,0.0,1.0,0.0
replacements,0.1328869198101648,0.0,0.0,1.0,0.0
modifications,0.199757843267361,0.0,0.0,1.0,0.0
write,0.9658900463045808,0.0,0.0,1.0,0.0
offs,0.3655074868306197,0.0,0.0,1.0,0.0
intangible,0.22237066120406712,0.0,0.0,1.0,0.0
assets,1.4251133584778288,0.1779,0.0,0.0,1.0
expenses,1.224097007167007,0.0,0.0,1.0,0.0
litigation,1.7506923057613175,-0.2023,1.0,0.0,0.0
regulatory,0.8563212681512945,0.0,0.0,1.0,0.0
fines,0.7089160384897223,0.0,0.0,1.0,0.0
delay,0.4929333568825959,-0.3182,1.0,0.0,0.0
lost,0.24794024571840226,-0.3182,1.0,0.0,0.0
downs,0.24413818405996612,0.0,0.0,1.0,0.0
commitment,0.32125901333355006,0.3818,0.0,0.0,1.0
cancellation,0.35624437541399506,0.0,0.0,1.0,0.0
records,0.35624437541399506,0.0,0.0,1.0,0.0
inventories,0.17812218770699753,0.0,0.0,1.0,0.0
become,0.2676059291008998,0.0,0.0,1.0,0.0
obsolete,0.17812218770699753,-0.296,1.0,0.0,0.0
exceed,0.35624437541399506,0.0,0.0,1.0,0.0
exceeds,0.3110091075171623,0.0,0.0,1.0,0.0
realizable,0.22335745560383016,0.0,0.0,1.0,0.0
accrues,0.17812218770699753,0.0,0.0,1.0,0.0
necessary,0.35624437541399506,0.0,0.0,1.0,0.0
fee,0.21284440992921974,0.0,0.0,1.0,0.0
reserves,0.17812218770699753,0.0,0.0,1.0,0.0
excess,0.6681084100353847,0.0,0.0,1.0,0.0
reviews,0.17812218770699753,0.0,0.0,1.0,0.0
lived,0.17812218770699753,0.0,0.0,1.0,0.0
capital,0.5343665631209924,0.0,0.0,1.0,0.0
impairment,0.49096338470473,0.0,0.0,1.0,0.0
whenever,0.17812218770699753,0.0,0.0,1.0,0.0
circumstances,0.5343665631209924,0.0,0.0,1.0,0.0
indicate,0.17812218770699753,0.0,0.0,1.0,0.0
recoverable,0.3110091075171623,0.0,0.0,1.0,0.0
determines,0.17812218770699753,0.0,0.0,1.0,0.0
occurred,0.17812218770699753,0.0,0.0,1.0,0.0
equal,0.17812218770699753,0.0,0.0,1.0,0.0
amount,0.42423795009280313,0.0,0.0,1.0,0.0
carrying,0.22335745560383016,0.0,0.0,1.0,0.0
incur,0.9130878996498446,0.0,0.0,1.0,0.0
fees,0.4436146816602089,0.0,0.0,1.0,0.0
impairments,0.1328869198101648,0.0,0.0,1.0,0.0
charges,0.3282713494044175,-0.2732,1.0,0.0,0.0
given,0.7962100904090106,0.0,0.0,1.0,0.0
unpredictable,0.17812218770699753,0.0,0.0,1.0,0.0
pace,0.35624437541399506,0.0,0.0,1.0,0.0
obsolescence,0.17812218770699753,0.0,0.0,1.0,0.0
builds,0.1328869198101648,0.0,0.0,1.0,0.0
announcements,0.17812218770699753,0.0,0.0,1.0,0.0
obligations,0.9201991049445681,0.0,0.0,1.0,0.0
forecasted,0.17812218770699753,0.0,0.0,1.0,0.0
typically,0.24499311116419364,0.0,0.0,1.0,0.0
days,0.17812218770699753,0.0,0.0,1.0,0.0
forecast,0.17812218770699753,0.0,0.0,1.0,0.0
incorrectly,0.24794024571840226,0.0,0.0,1.0,0.0
order,0.37985760930019796,0.0,0.0,1.0,0.0
produce,0.2653013568295134,0.0,0.0,1.0,0.0
amounts,0.7577240187248225,0.0,0.0,1.0,0.0
fully,0.64941988902923,0.0,0.0,1.0,0.0
firm,0.17812218770699753,0.0,0.0,1.0,0.0
access,2.156552977703822,0.0,0.0,1.0,0.0
owned,0.11125126424980132,0.0,0.0,1.0,0.0
requires,0.5862409642151174,0.0,0.0,1.0,0.0
licenses,0.5798831766849432,0.0,0.0,1.0,0.0
extensive,0.24499311116419364,0.0,0.0,1.0,0.0
patent,0.734256273683889,0.0,0.0,1.0,0.0
rate,0.529105224271977,0.0,0.0,1.0,0.0
issuance,0.11125126424980132,0.0,0.0,1.0,0.0
unknowingly,0.11125126424980132,0.0,0.0,1.0,0.0
rights,1.0700230705890492,0.0,0.0,1.0,0.0
others,0.4014796433108277,0.0,0.0,1.0,0.0
notified,0.11125126424980132,0.0,0.0,1.0,0.0
based,0.713475545227753,0.0,0.0,1.0,0.0
practice,0.2008804944889729,0.0,0.0,1.0,0.0
obtained,0.8021179810671615,0.0,0.0,1.0,0.0
right,0.5343665631209924,0.0,0.0,1.0,0.0
preclude,0.2677514179461691,0.0,0.0,1.0,0.0
selling,0.31298668584300177,0.0,0.0,1.0,0.0
otherwise,0.810125685323267,0.0,0.0,1.0,0.0
support,0.3736054865251061,0.4019,0.0,0.0,1.0
developers,1.5915969694311247,0.0,0.0,1.0,0.0
decisions,0.17812218770699753,0.0,0.0,1.0,0.0
cease,0.17812218770699753,0.0,0.0,1.0,0.0
developed,0.17812218770699753,0.0,0.0,1.0,0.0
maintained,0.17812218770699753,0.0,0.0,1.0,0.0
choose,0.35624437541399506,0.0,0.0,1.0,0.0
buy,0.17812218770699753,0.0,0.0,1.0,0.0
perception,0.17812218770699753,0.0,0.0,1.0,0.0
relative,0.7124887508279901,0.0,0.0,1.0,0.0
developing,0.6690855724117275,0.0,0.0,1.0,0.0
maintaining,0.22335745560383016,0.0,0.0,1.0,0.0
upgrading,0.4014796433108277,0.0,0.0,1.0,0.0
compared,0.35624437541399506,0.0,0.0,1.0,0.0
android,0.17812218770699753,0.0,0.0,1.0,0.0
smartphones,0.16760914203238705,0.0,0.0,1.0,0.0
tablets,0.2027049778215696,0.0,0.0,1.0,0.0
windows,0.2685927235006628,0.0,0.0,1.0,0.0
computers,0.28839628958045616,0.0,0.0,1.0,0.0
playstation,0.06981805801140478,0.0,0.0,1.0,0.0
nintendo,0.06981805801140478,0.0,0.0,1.0,0.0
xbox,0.06981805801140478,0.0,0.0,1.0,0.0
gaming,0.06981805801140478,0.0,0.0,1.0,0.0
position,0.17812218770699753,0.0,0.0,1.0,0.0
revenue,0.9827877119154478,0.0,0.0,1.0,0.0
generated,0.17812218770699753,0.0,0.0,1.0,0.0
inclined,0.35624437541399506,0.0,0.0,1.0,0.0
upgrade,0.17812218770699753,0.0,0.0,1.0,0.0
devote,0.17812218770699753,0.34,0.0,0.0,1.0
focus,0.17812218770699753,0.0,0.0,1.0,0.0
efforts,0.34874191335244376,0.0,0.0,1.0,0.0
competing,0.5277274299237,0.0,0.0,1.0,0.0
compelling,0.17812218770699753,0.2263,0.0,0.0,1.0
systems,1.590289677564954,0.0,0.0,1.0,0.0
keep,0.2676059291008998,0.0,0.0,1.0,0.0
fail,0.13963611602280956,-0.5423,1.0,0.0,0.0
improved,0.1328869198101648,0.4767,0.0,0.0,1.0
operate,0.17812218770699753,0.0,0.0,1.0,0.0
dissatisfied,0.17812218770699753,-0.3818,1.0,0.0,0.0
distributes,0.4260624334253998,0.0,0.0,1.0,0.0
app,1.0861775293842137,0.0,0.0,1.0,0.0
store,1.4783772519507807,0.0,0.0,1.0,0.0
vast,0.08948374139390232,0.0,0.0,1.0,0.0
generate,0.08948374139390232,0.0,0.0,1.0,0.0
retains,0.22237066120406712,0.0,0.0,1.0,0.0
commission,0.4742118378047614,0.0,0.0,1.0,0.0
legal,2.091497057471445,0.128,0.0,0.0,1.0
legislative,0.12457957718308488,0.0,0.0,1.0,0.0
initiatives,0.3642858992712125,0.0,0.0,1.0,0.0
european,0.08717916912251589,0.0,0.0,1.0,0.0
union,0.06981805801140478,0.0,0.0,1.0,0.0
act,0.12227500491169843,0.0,0.0,1.0,0.0
investigations,1.5131131819087749,0.0,0.0,1.0,0.0
relating,0.9919300966875421,0.0,0.0,1.0,0.0
resulted,0.15014916169742,0.0,0.0,1.0,0.0
practices,0.6557648366482802,0.0,0.0,1.0,0.0
manages,0.2830360815075848,0.0,0.0,1.0,0.0
apps,0.2786354786204361,0.0,0.0,1.0,0.0
volume,0.2936479964060512,0.0,0.0,1.0,0.0
decrease,0.1835193833778618,0.0,0.0,1.0,0.0
narrowed,0.08948374139390232,0.0,0.0,1.0,0.0
scope,0.11224204817587773,0.0,0.0,1.0,0.0
eliminated,0.08948374139390232,0.0,0.0,1.0,0.0
appeals,0.06981805801140478,0.0,0.0,1.0,0.0
contracts,0.44699625687477845,0.0,0.0,1.0,0.0
includes,0.17812218770699753,0.0,0.0,1.0,0.0
subscriptions,0.06981805801140478,0.0,0.0,1.0,0.0
incorporate,0.06981805801140478,0.0,0.0,1.0,0.0
specific,0.40330412664342435,0.0,0.0,1.0,0.0
licensing,0.33657869203149743,0.0,0.0,1.0,0.0
relatively,0.35624437541399506,0.0,0.0,1.0,0.0
guarantee,0.22999658880112253,0.25,0.0,0.0,1.0
continuation,0.17812218770699753,0.0,0.0,1.0,0.0
renewal,0.2864263174025902,0.0,0.0,1.0,0.0
license,0.6426706928165852,0.0,0.0,1.0,0.0
distribute,0.4346329159107024,0.0,0.0,1.0,0.0
owners,0.17812218770699753,0.0,0.0,1.0,0.0
usage,0.17812218770699753,0.0,0.0,1.0,0.0
rules,0.7474741129084349,0.0,0.0,1.0,0.0
produces,0.06981805801140478,0.0,0.0,1.0,0.0
costly,0.06981805801140478,-0.1027,1.0,0.0,0.0
increasing,0.5705770332904282,0.0,0.0,1.0,0.0
talent,0.12169245910552981,0.4215,0.0,0.0,1.0
subscribers,0.06981805801140478,0.0,0.0,1.0,0.0
appeal,0.06981805801140478,0.0,0.0,1.0,0.0
security,2.1523773024784254,0.34,0.0,0.0,1.0
manner,0.3334860686320196,0.0,0.0,1.0,0.0
largely,0.17812218770699753,0.0,0.0,1.0,0.0
talents,0.28187098989524756,0.4588,0.0,0.0,1.0
team,0.28187098989524756,0.0,0.0,1.0,0.0
members,0.10374880218825007,0.0,0.0,1.0,0.0
skilled,0.31775830372980707,0.0,0.0,1.0,0.0
employees,1.2188138640378083,0.0,0.0,1.0,0.0
key,0.579601831017825,0.0,0.0,1.0,0.0
personnel,0.8556255764545424,0.0,0.0,1.0,0.0
nurture,0.12169245910552981,0.34,0.0,0.0,1.0
distinctive,0.12169245910552981,0.0,0.0,1.0,0.0
inclusive,0.12169245910552981,0.0,0.0,1.0,0.0
culture,0.24338491821105962,0.0,0.0,1.0,0.0
chief,0.17812218770699753,0.0,0.0,1.0,0.0
executive,0.35624437541399506,0.0,0.0,1.0,0.0
officer,0.17812218770699753,0.0,0.0,1.0,0.0
especially,0.17812218770699753,0.0,0.0,1.0,0.0
silicon,0.17812218770699753,0.0,0.0,1.0,0.0
valley,0.17812218770699753,0.0,0.0,1.0,0.0
workforce,0.10374880218825007,0.0,0.0,1.0,0.0
dynamics,0.10374880218825007,0.2732,0.0,0.0,1.0
constantly,0.051874401094125035,0.0,0.0,1.0,0.0
driver,0.06981805801140478,0.0,0.0,1.0,0.0
recruit,0.06981805801140478,0.0,0.0,1.0,0.0
retain,0.22518193893642688,0.0,0.0,1.0,0.0
wholesalers,0.48913129522415977,0.0,0.0,1.0,0.0
retailers,0.48913129522415977,0.0,0.0,1.0,0.0
resellers,1.35909736212486,0.0,0.0,1.0,0.0
sells,0.5314194285667838,0.0,0.0,1.0,0.0
resells,0.11125126424980132,0.0,0.0,1.0,0.0
directly,0.4645485051095877,0.0,0.0,1.0,0.0
mid,0.35624437541399506,0.0,0.0,1.0,0.0
sized,0.35624437541399506,0.0,0.0,1.0,0.0
education,0.35624437541399506,0.0,0.0,1.0,0.0
enterprise,0.35624437541399506,0.0,0.0,1.0,0.0
government,1.4301791757854918,0.0,0.0,1.0,0.0
retail,2.0578924512439425,0.0,0.0,1.0,0.0
online,0.4697545636567539,0.0,0.0,1.0,0.0
stores,1.6920449987508106,0.0,0.0,1.0,0.0
force,0.21955539394539406,0.0,0.0,1.0,0.0
financing,0.3110091075171623,0.0,0.0,1.0,0.0
installment,0.1328869198101648,0.0,0.0,1.0,0.0
payment,1.236342268274372,0.0,0.0,1.0,0.0
subsidies,0.17812218770699753,0.0,0.0,1.0,0.0
device,0.21824160560008407,0.0,0.0,1.0,0.0
invest,0.3759100587964926,0.0,0.0,1.0,0.0
programs,0.4533540444049527,0.0,0.0,1.0,0.0
reseller,0.17812218770699753,0.0,0.0,1.0,0.0
staffing,0.17812218770699753,0.0,0.0,1.0,0.0
selected,0.17812218770699753,0.0,0.0,1.0,0.0
contractors,0.42311529887119115,0.0,0.0,1.0,0.0
improving,0.17812218770699753,0.4215,0.0,0.0,1.0
placement,0.17812218770699753,0.0,0.0,1.0,0.0
displays,0.17812218770699753,0.0,0.0,1.0,0.0
investment,1.2343301036557586,0.0,0.0,1.0,0.0
assuring,0.11125126424980132,0.3818,0.0,0.0,1.0
return,0.35624437541399506,0.0,0.0,1.0,0.0
incremental,0.17812218770699753,0.0,0.0,1.0,0.0
weaken,0.17812218770699753,-0.4215,1.0,0.0,0.0
stop,0.19778787108949505,-0.296,1.0,0.0,0.0
distributing,0.17812218770699753,0.0,0.0,1.0,0.0
regarding,0.6168274824385744,0.0,0.0,1.0,0.0
cause,0.8630810138662068,0.0,0.0,1.0,0.0
ordering,0.17812218770699753,0.0,0.0,1.0,0.0
telecommunications,0.35624437541399506,0.0,0.0,1.0,0.0
viruses,0.17812218770699753,0.0,0.0,1.0,0.0
physical,0.17812218770699753,0.0,0.0,1.0,0.0
electronic,0.24794024571840226,0.0,0.0,1.0,0.0
break,0.17812218770699753,0.0,0.0,1.0,0.0
ins,0.17812218770699753,0.0,0.0,1.0,0.0
incidents,0.20945417403421435,0.0,0.0,1.0,0.0
redundancy,0.17812218770699753,0.0,0.0,1.0,0.0
continuity,0.31072776185004414,0.0,0.0,1.0,0.0
ineffective,0.17812218770699753,-0.128,1.0,0.0,0.0
inadequate,0.35624437541399506,-0.4019,1.0,0.0,0.0
vendors,0.6666821309164851,0.0,0.0,1.0,0.0
disaster,0.22335745560383016,-0.6249,1.0,0.0,0.0
planning,0.17812218770699753,0.0,0.0,1.0,0.0
eventualities,0.3334860686320196,0.0,0.0,1.0,0.0
among,1.065504646020658,0.0,0.0,1.0,0.0
things,0.5743957724706589,0.0,0.0,1.0,0.0
preventing,0.2072382820191471,-0.0258,1.0,0.0,0.0
interfering,0.15536388092502207,0.0,0.0,1.0,0.0
transactions,0.44882074020737517,0.0,0.0,1.0,0.0
impeding,0.15536388092502207,0.0,0.0,1.0,0.0
shipping,0.17812218770699753,0.0,0.0,1.0,0.0
unauthorized,0.8536680045162782,0.0,0.0,1.0,0.0
releases,0.4660916427750662,0.0,0.0,1.0,0.0
confidential,1.4838207512388157,0.0,0.0,1.0,0.0
reputational,0.3853604697261446,0.0,0.0,1.0,0.0
respect,0.3127053401758836,0.4767,0.0,0.0,1.0
devotes,0.17812218770699753,0.3818,0.0,0.0,1.0
encryption,0.35624437541399506,0.0,0.0,1.0,0.0
protect,0.41661202249574764,0.3818,0.0,0.0,1.0
cannot,0.3383007184967152,0.0,0.0,1.0,0.0
absolute,0.17812218770699753,0.0,0.0,1.0,0.0
malicious,0.38757636174121174,0.0,0.0,1.0,0.0
takes,0.15536388092502207,0.0,0.0,1.0,0.0
steps,0.15536388092502207,0.0,0.0,1.0,0.0
secure,0.5116082563390171,0.34,0.0,0.0,1.0
accessible,0.06981805801140478,0.0,0.0,1.0,0.0
behalf,0.06981805801140478,0.0,0.0,1.0,0.0
always,0.1328869198101648,0.0,0.0,1.0,0.0
attempts,0.06981805801140478,0.0,0.0,1.0,0.0
gain,0.24794024571840226,0.5267,0.0,0.0,1.0
regular,0.06981805801140478,0.0,0.0,1.0,0.0
basis,0.13963611602280956,0.0,0.0,1.0,0.0
compromise,0.0925763647933802,0.0,0.0,1.0,0.0
confidentiality,0.15536388092502207,0.0,0.0,1.0,0.0
integrity,0.15536388092502207,0.3818,0.0,0.0,1.0
normal,0.06981805801140478,0.0,0.0,1.0,0.0
impair,0.15536388092502207,0.0,0.0,1.0,0.0
attract,0.15536388092502207,0.3612,0.0,0.0,1.0
expose,0.2072382820191471,-0.1531,1.0,0.0,0.0
penalties,0.7298498619391011,0.0,0.0,1.0,0.0
judgments,0.15536388092502207,0.0,0.0,1.0,0.0
against,1.420276685303368,0.0,0.0,1.0,0.0
globally,0.06981805801140478,0.0,0.0,1.0,0.0
accelerating,0.06981805801140478,0.0,0.0,1.0,0.0
frequency,0.06981805801140478,0.0,0.0,1.0,0.0
sophistication,0.06981805801140478,0.0,0.0,1.0,0.0
actors,0.06981805801140478,0.0,0.0,1.0,0.0
tools,0.104540280233627,0.0,0.0,1.0,0.0
techniques,0.06981805801140478,0.0,0.0,1.0,0.0
circumvent,0.06981805801140478,0.0,0.0,1.0,0.0
avoid,0.3148111691755984,-0.296,1.0,0.0,0.0
detection,0.06981805801140478,0.0,0.0,1.0,0.0
remove,0.06981805801140478,0.0,0.0,1.0,0.0
obfuscate,0.06981805801140478,0.0,0.0,1.0,0.0
forensic,0.06981805801140478,0.0,0.0,1.0,0.0
evidence,0.06981805801140478,0.0,0.0,1.0,0.0
hinders,0.06981805801140478,0.0,0.0,1.0,0.0
investigate,0.06981805801140478,0.0,0.0,1.0,0.0
recover,0.06981805801140478,0.0,0.0,1.0,0.0
diplomatic,0.03451328998301392,0.0,0.0,1.0,0.0
perpetrated,0.15536388092502207,0.0,0.0,1.0,0.0
greater,0.49536979644951784,0.3612,0.0,0.0,1.0
targeted,0.17812218770699753,0.0,0.0,1.0,0.0
profile,0.32125901333355006,0.0,0.0,1.0,0.0
creates,0.15536388092502207,0.2732,0.0,0.0,1.0
owns,0.15536388092502207,0.0,0.0,1.0,0.0
processes,0.3775986853072403,0.0,0.0,1.0,0.0
implemented,0.46980143653366013,0.0,0.0,1.0,0.0
prevent,0.27069855250037766,0.0258,0.0,0.0,1.0
sensitive,0.4260624334253998,0.0,0.0,1.0,0.0
authentication,0.24794024571840226,0.0,0.0,1.0,0.0
vulnerable,0.15536388092502207,-0.2263,1.0,0.0,0.0
hacking,0.15536388092502207,0.0,0.0,1.0,0.0
error,0.3334860686320196,-0.4019,1.0,0.0,0.0
malfeasance,0.17812218770699753,0.0,0.0,1.0,0.0
faulty,0.17812218770699753,-0.3182,1.0,0.0,0.0
password,0.17812218770699753,0.0,0.0,1.0,0.0
irregularities,0.17812218770699753,0.0,0.0,1.0,0.0
fraudulently,0.17812218770699753,0.0,0.0,1.0,0.0
induce,0.17812218770699753,0.0,0.0,1.0,0.0
disclosing,0.17812218770699753,0.0,0.0,1.0,0.0
user,0.18325624351963912,0.0,0.0,1.0,0.0
names,0.18865343919050342,0.0,0.0,1.0,0.0
passwords,0.2008804944889729,0.0,0.0,1.0,0.0
turn,0.17812218770699753,0.0,0.0,1.0,0.0
used,0.17812218770699753,0.0,0.0,1.0,0.0
deploys,0.06981805801140478,0.0,0.0,1.0,0.0
makes,0.29981464681252734,0.0,0.0,1.0,0.0
multifactor,0.06981805801140478,0.0,0.0,1.0,0.0
monitors,0.17812218770699753,0.0,0.0,1.0,0.0
unusual,0.17812218770699753,0.0,0.0,1.0,0.0
freeze,0.17812218770699753,0.0516,0.0,0.0,1.0
accounts,0.4017609889779458,0.0,0.0,1.0,0.0
suspicious,0.17812218770699753,-0.3612,1.0,0.0,0.0
impede,0.17812218770699753,0.0,0.0,1.0,0.0
address,0.19548329881810864,0.0,0.0,1.0,0.0
aspects,0.17812218770699753,0.0,0.0,1.0,0.0
strategies,0.35624437541399506,0.0,0.0,1.0,0.0
acquisitions,0.3759100587964926,0.0,0.0,1.0,0.0
ongoing,0.35624437541399506,0.0,0.0,1.0,0.0
present,0.17812218770699753,0.0,0.0,1.0,0.0
originally,0.17812218770699753,0.0,0.0,1.0,0.0
contemplated,0.17812218770699753,0.0,0.0,1.0,0.0
endeavors,0.17812218770699753,0.0,0.0,1.0,0.0
distraction,0.17812218770699753,-0.3818,1.0,0.0,0.0
challenges,0.17896748278780464,0.0772,0.0,0.0,1.0
tangible,0.08948374139390232,0.0,0.0,1.0,0.0
acquisition,0.06981805801140478,0.0,0.0,1.0,0.0
failing,0.06981805801140478,-0.5106,1.0,0.0,0.0
approvals,0.06981805801140478,0.0,0.0,1.0,0.0
onerous,0.24794024571840226,0.0,0.0,1.0,0.0
completing,0.06981805801140478,0.0,0.0,1.0,0.0
transaction,0.31775830372980707,0.0,0.0,1.0,0.0
realize,0.06981805801140478,0.0,0.0,1.0,0.0
ventures,0.17812218770699753,0.0,0.0,1.0,0.0
inherently,0.35624437541399506,0.0,0.0,1.0,0.0
risky,0.17812218770699753,-0.2023,1.0,0.0,0.0
leasehold,0.28627365125310517,0.0,0.0,1.0,0.0
improvements,0.28627365125310517,0.3182,0.0,0.0,1.0
lease,0.28627365125310517,0.0,0.0,1.0,0.0
space,0.14313682562655258,0.0,0.0,1.0,0.0
built,0.14313682562655258,0.0,0.0,1.0,0.0
serve,0.18837209352338527,0.0,0.0,1.0,0.0
venues,0.14313682562655258,0.0,0.0,1.0,0.0
promote,0.14313682562655258,0.3818,0.0,0.0,1.0
brand,0.23276605586572416,0.0,0.0,1.0,0.0
awareness,0.14313682562655258,0.0,0.0,1.0,0.0
unique,0.29667622321897796,0.0,0.0,1.0,0.0
elements,0.14313682562655258,0.0,0.0,1.0,0.0
size,0.14313682562655258,0.0,0.0,1.0,0.0
typical,0.14313682562655258,0.0,0.0,1.0,0.0
closure,0.14313682562655258,0.0,0.0,1.0,0.0
individual,0.38812993679074625,0.0,0.0,1.0,0.0
termination,0.14313682562655258,0.0,0.0,1.0,0.0
severance,0.14313682562655258,0.0,0.0,1.0,0.0
pose,0.17812218770699753,0.0,0.0,1.0,0.0
macro,0.14313682562655258,0.0,0.0,1.0,0.0
general,0.3334860686320196,0.0,0.0,1.0,0.0
construction,0.17812218770699753,0.0,0.0,1.0,0.0
leases,0.17812218770699753,0.0,0.0,1.0,0.0
compliance,0.8364269903267301,0.0,0.0,1.0,0.0
unfavorable,0.35624437541399506,0.0,0.0,1.0,0.0
proceedings,1.0685527741758267,0.0,0.0,1.0,0.0
arisen,0.17812218770699753,0.0,0.0,1.0,0.0
ordinary,0.17812218770699753,0.0,0.0,1.0,0.0
resolved,0.4630892279190084,0.1779,0.0,0.0,1.0
matters,0.55403224650349,0.0258,0.0,0.0,1.0
sometimes,0.15536388092502207,0.0,0.0,1.0,0.0
indemnification,0.15536388092502207,0.0,0.0,1.0,0.0
damages,0.5343665631209924,-0.4404,1.0,0.0,0.0
claim,0.2072382820191471,0.0,0.0,1.0,0.0
indemnified,0.31072776185004414,0.0,0.0,1.0,0.0
involving,0.08948374139390232,0.0,0.0,1.0,0.0
alleged,0.08948374139390232,0.0,0.0,1.0,0.0
magnitude,0.08948374139390232,0.0,0.0,1.0,0.0
faced,0.17812218770699753,0.0,0.0,1.0,0.0
enabled,0.26676063402009265,0.0,0.0,1.0,0.0
holding,0.17812218770699753,0.0,0.0,1.0,0.0
assert,0.15536388092502207,0.0,0.0,1.0,0.0
royalties,0.17812218770699753,0.0,0.0,1.0,0.0
enter,0.35624437541399506,0.0,0.0,1.0,0.0
allegations,0.24400232723811727,0.0,0.0,1.0,0.0
infringement,0.7085508323477048,-0.4767,1.0,0.0,0.0
vigorously,0.17812218770699753,0.128,0.0,0.0,1.0
defending,0.2676059291008998,0.0,0.0,1.0,0.0
courts,0.17812218770699753,0.0,0.0,1.0,0.0
several,0.2893734519567988,0.0,0.0,1.0,0.0
jurisdictions,1.257296508804711,0.0,0.0,1.0,0.0
internationally,0.17812218770699753,0.0,0.0,1.0,0.0
plaintiffs,0.17812218770699753,0.0,0.0,1.0,0.0
injunctions,0.16076107659588637,0.0,0.0,1.0,0.0
regardless,0.22363880127094835,0.0,0.0,1.0,0.0
merit,0.17812218770699753,0.4215,0.0,0.0,1.0
responding,0.14135814248802736,0.0,0.0,1.0,0.0
recognition,0.17812218770699753,0.0,0.0,1.0,0.0
considerations,0.35110650210048366,0.0,0.0,1.0,0.0
settle,0.17812218770699753,0.0,0.0,1.0,0.0
resolve,0.15536388092502207,0.3818,0.0,0.0,1.0
heading,0.16798275559934736,0.0,0.0,1.0,0.0
contingencies,0.39181269399399377,0.0,0.0,1.0,0.0
opinion,0.16076107659588637,0.0,0.0,1.0,0.0
least,0.16076107659588637,0.0,0.0,1.0,0.0
possibility,0.16076107659588637,0.0,0.0,1.0,0.0
incurred,0.16076107659588637,0.0,0.0,1.0,0.0
recorded,0.16076107659588637,0.0,0.0,1.0,0.0
accrual,0.16076107659588637,0.0,0.0,1.0,0.0
concerning,0.09389015313869022,0.0,0.0,1.0,0.0
asserted,0.1155258086990537,0.0,0.0,1.0,0.0
outcome,0.7577240187248225,0.0,0.0,1.0,0.0
reporting,0.41398804427641533,0.0,0.0,1.0,0.0
period,0.5343665631209924,0.0,0.0,1.0,0.0
compensatory,0.16076107659588637,0.0,0.0,1.0,0.0
punitive,0.16076107659588637,-0.5106,1.0,0.0,0.0
trebled,0.16076107659588637,0.0,0.0,1.0,0.0
disgorgement,0.17812218770699753,0.0,0.0,1.0,0.0
profits,0.17812218770699753,0.4404,0.0,0.0,1.0
remedial,0.17812218770699753,0.0,0.0,1.0,0.0
corporate,0.2685927235006628,0.0,0.0,1.0,0.0
injunctive,0.19548329881810864,0.0,0.0,1.0,0.0
relief,0.19548329881810864,0.4767,0.0,0.0,1.0
laws,3.812315364235972,0.0,0.0,1.0,0.0
regulations,2.3485118159512557,0.0,0.0,1.0,0.0
exposes,0.22250252849960264,-0.128,1.0,0.0,0.0
subjects,0.11125126424980132,0.0,0.0,1.0,0.0
antitrust,0.2572247507218249,0.0,0.0,1.0,0.0
privacy,0.9135985946371314,0.0,0.0,1.0,0.0
localization,0.15452257537052827,0.0,0.0,1.0,0.0
advertising,0.17812218770699753,0.0,0.0,1.0,0.0
billing,0.17812218770699753,0.0,0.0,1.0,0.0
ownership,0.2893734519567988,0.0,0.0,1.0,0.0
internet,0.19988971056289653,0.0,0.0,1.0,0.0
mobile,0.35822195373983445,0.0,0.0,1.0,0.0
communications,0.2968675122583187,0.0,0.0,1.0,0.0
media,0.42423795009280313,0.0,0.0,1.0,0.0
television,0.17812218770699753,0.0,0.0,1.0,0.0
film,0.11125126424980132,0.0,0.0,1.0,0.0
employment,0.11125126424980132,0.0,0.0,1.0,0.0
anticorruption,0.06981805801140478,0.0,0.0,1.0,0.0
import,0.3142286233694298,0.0,0.0,1.0,0.0
export,0.2968675122583187,0.0,0.0,1.0,0.0
foreign,3.518918340451572,0.0,0.0,1.0,0.0
exchange,1.15920366203565,0.0,0.0,1.0,0.0
cash,1.24771024105321,0.0,0.0,1.0,0.0
repatriation,0.24499311116419364,0.0,0.0,1.0,0.0
anti,0.4201681643169825,-0.3182,1.0,0.0,0.0
money,0.11125126424980132,0.0,0.0,1.0,0.0
laundering,0.11125126424980132,0.0,0.0,1.0,0.0
tax,2.5968808536965584,0.0,0.0,1.0,0.0
waste,0.06981805801140478,-0.4215,1.0,0.0,0.0
recycling,0.06981805801140478,0.0,0.0,1.0,0.0
feature,0.051874401094125035,0.0,0.0,1.0,0.0
impacting,0.17266872594640995,0.0,0.0,1.0,0.0
requiring,0.13091694763229889,0.0,0.0,1.0,0.0
interpreted,0.051874401094125035,0.0,0.0,1.0,0.0
procedures,0.8831084764734363,0.0,0.0,1.0,0.0
applicable,0.3321722802867096,0.0,0.0,1.0,0.0
agents,0.24499311116419364,0.0,0.0,1.0,0.0
violate,0.24499311116419364,-0.4939,1.0,0.0,0.0
found,0.2226480173448719,0.0,0.0,1.0,0.0
violated,0.11125126424980132,-0.5267,1.0,0.0,0.0
satisfy,0.051874401094125035,0.4588,0.0,0.0,1.0
violation,0.18798083675655736,-0.4939,1.0,0.0,0.0
prohibited,0.051874401094125035,0.0,0.0,1.0,0.0
importation,0.051874401094125035,0.0,0.0,1.0,0.0
either,0.01688903901368012,0.0,0.0,1.0,0.0
social,0.29315008349798544,0.0,0.0,1.0,0.0
governance,0.29315008349798544,0.0,0.0,1.0,0.0
regulators,0.051874401094125035,0.0,0.0,1.0,0.0
stakeholders,0.10374880218825007,0.0,0.0,1.0,0.0
increasingly,0.051874401094125035,0.0,0.0,1.0,0.0
focused,0.051874401094125035,0.3818,0.0,0.0,1.0
greenhouse,0.051874401094125035,0.0,0.0,1.0,0.0
gas,0.051874401094125035,0.0,0.0,1.0,0.0
emissions,0.051874401094125035,0.0,0.0,1.0,0.0
human,0.051874401094125035,0.0,0.0,1.0,0.0
civil,0.06923551220523615,0.0,0.0,1.0,0.0
diversity,0.051874401094125035,0.0,0.0,1.0,0.0
equity,0.14234493688779043,0.0,0.0,1.0,0.0
inclusion,0.051874401094125035,0.0,0.0,1.0,0.0
goals,0.2593720054706252,0.0,0.0,1.0,0.0
report,0.01688903901368012,0.0,0.0,1.0,0.0
non,1.1875935087612055,0.0,0.0,1.0,0.0
reports,0.051874401094125035,0.0,0.0,1.0,0.0
website,0.22999658880112253,0.0,0.0,1.0,0.0
press,0.22999658880112253,0.0,0.0,1.0,0.0
implementation,0.051874401094125035,0.0,0.0,1.0,0.0
involves,0.051874401094125035,0.0,0.0,1.0,0.0
disagree,0.051874401094125035,-0.3818,1.0,0.0,0.0
perceived,0.051874401094125035,0.0,0.0,1.0,0.0
comply,0.5920201753556353,0.0,0.0,1.0,0.0
federal,0.40811877650812006,0.0,0.0,1.0,0.0
state,0.40811877650812006,0.0,0.0,1.0,0.0
varied,0.051874401094125035,0.0,0.0,1.0,0.0
stakeholder,0.051874401094125035,0.0,0.0,1.0,0.0
instances,0.11125126424980132,0.0,0.0,1.0,0.0
scrutiny,0.11125126424980132,0.0,0.0,1.0,0.0
regulation,0.13668898146860095,0.0,0.0,1.0,0.0
individually,0.35624437541399506,0.0,0.0,1.0,0.0
aggregate,0.35624437541399506,0.0,0.0,1.0,0.0
findings,0.05245694690029366,0.0,0.0,1.0,0.0
search,0.06981805801140478,0.0,0.0,1.0,0.0
outcomes,0.14623662633024626,0.0,0.0,1.0,0.0
connection,0.06981805801140478,0.0,0.0,1.0,0.0
collection,0.24794024571840226,0.0,0.0,1.0,0.0
retention,0.44882074020737517,0.0,0.0,1.0,0.0
transfer,0.24794024571840226,0.0,0.0,1.0,0.0
cases,0.3053607582459464,0.0,0.0,1.0,0.0
apply,0.21310754978744242,0.0,0.0,1.0,0.0
transfers,0.17812218770699753,0.0,0.0,1.0,0.0
subsidiaries,0.35624437541399506,0.0,0.0,1.0,0.0
passed,0.2864263174025902,0.0,0.0,1.0,0.0
area,0.2008804944889729,0.0,0.0,1.0,0.0
considering,0.17812218770699753,0.0,0.0,1.0,0.0
imposing,0.21310754978744242,-0.1027,1.0,0.0,0.0
pending,0.06981805801140478,0.0,0.0,1.0,0.0
inconsistent,0.24499311116419364,0.0,0.0,1.0,0.0
jurisdiction,0.4899862223283873,0.0,0.0,1.0,0.0
complying,0.17812218770699753,0.0,0.0,1.0,0.0
emerging,0.17812218770699753,0.0,0.0,1.0,0.0
causes,0.11505332590823747,0.0,0.0,1.0,0.0
noncompliance,0.19548329881810864,0.0,0.0,1.0,0.0
disclosure,0.17812218770699753,0.0,0.0,1.0,0.0
notices,0.06981805801140478,0.0,0.0,1.0,0.0
inquiries,0.06981805801140478,0.0,0.0,1.0,0.0
governmental,0.6671176261093084,0.0,0.0,1.0,0.0
entities,0.17812218770699753,0.0,0.0,1.0,0.0
audit,0.3334860686320196,0.0,0.0,1.0,0.0
biometric,0.06981805801140478,0.0,0.0,1.0,0.0
breach,0.3091846241845656,0.0,0.0,1.0,0.0
notification,0.15536388092502207,0.0,0.0,1.0,0.0
fails,0.6669721372640393,-0.4215,1.0,0.0,0.0
adequately,0.15536388092502207,0.0,0.0,1.0,0.0
handled,0.15536388092502207,0.0,0.0,1.0,0.0
permitted,0.15536388092502207,0.0,0.0,1.0,0.0
law,0.15536388092502207,0.0,0.0,1.0,0.0
liable,0.3334860686320196,0.0,0.0,1.0,0.0
investigatory,0.31072776185004414,0.0,0.0,1.0,0.0
card,0.8906109385349874,0.0,0.0,1.0,0.0
cardholder,0.15536388092502207,0.0,0.0,1.0,0.0
potentially,0.3334860686320196,0.0,0.0,1.0,0.0
compromised,0.2008804944889729,0.0,0.0,1.0,0.0
follow,0.3334860686320196,0.0,0.0,1.0,0.0
cards,0.15536388092502207,0.0,0.0,1.0,0.0
quarterly,0.35624437541399506,0.0,0.0,1.0,0.0
fluctuate,0.35624437541399506,0.0,0.0,1.0,0.0
vary,0.5097837730064203,0.0,0.0,1.0,0.0
geographic,0.41931323721275504,0.0,0.0,1.0,0.0
segments,0.1328869198101648,0.0,0.0,1.0,0.0
pressures,0.27437692959372767,-0.3182,1.0,0.0,0.0
compressed,0.11125126424980132,0.0,0.0,1.0,0.0
acquiring,0.11125126424980132,0.0,0.0,1.0,0.0
delivering,0.11125126424980132,0.0,0.0,1.0,0.0
shifts,0.15452257537052827,0.0,0.0,1.0,0.0
mix,0.48913129522415977,0.0,0.0,1.0,0.0
modify,0.10684485250501342,0.0,0.0,1.0,0.0
historically,0.22236667167775379,0.0,0.0,1.0,0.0
quarter,0.22335745560383016,0.0,0.0,1.0,0.0
quarters,0.17812218770699753,0.0,0.0,1.0,0.0
year,0.11125126424980132,0.0,0.0,1.0,0.0
seasonal,0.17812218770699753,0.0,0.0,1.0,0.0
holiday,0.17812218770699753,0.4019,0.0,0.0,1.0
generates,0.17812218770699753,0.0,0.0,1.0,0.0
unexpected,0.17812218770699753,0.0,0.0,1.0,0.0
developments,0.17812218770699753,0.0,0.0,1.0,0.0
dollar,1.3373258497426477,0.0,0.0,1.0,0.0
local,0.22335745560383016,0.0,0.0,1.0,0.0
currencies,0.8906109385349874,0.0,0.0,1.0,0.0
primary,0.17812218770699753,0.0,0.0,1.0,0.0
exposure,0.7298498619391011,0.0,0.0,1.0,0.0
movements,0.35624437541399506,0.0,0.0,1.0,0.0
relates,0.17812218770699753,0.0,0.0,1.0,0.0
denominated,0.8906109385349874,0.0,0.0,1.0,0.0
weakening,0.17812218770699753,-0.3182,1.0,0.0,0.0
earnings,0.6464727544750213,0.0,0.0,1.0,0.0
leads,0.17812218770699753,0.0,0.0,1.0,0.0
raise,0.35624437541399506,0.0,0.0,1.0,0.0
reducing,0.17812218770699753,0.0,0.0,1.0,0.0
offset,0.35624437541399506,0.0,0.0,1.0,0.0
strengthening,0.6248370989146578,0.4939,0.0,0.0,1.0
conversely,0.17812218770699753,0.0,0.0,1.0,0.0
beneficial,0.17812218770699753,0.4404,0.0,0.0,1.0
benefit,0.17812218770699753,0.4588,0.0,0.0,1.0
option,0.17812218770699753,0.0,0.0,1.0,0.0
hedge,0.17812218770699753,0.0,0.0,1.0,0.0
exposures,0.17812218770699753,0.0,0.0,1.0,0.0
hedging,0.17812218770699753,0.0,0.0,1.0,0.0
activities,0.46540343221381525,0.0,0.0,1.0,0.0
hedges,0.17812218770699753,0.0,0.0,1.0,0.0
portfolio,0.17812218770699753,0.0,0.0,1.0,0.0
deterioration,0.17812218770699753,0.0,0.0,1.0,0.0
sovereign,0.17812218770699753,0.0,0.0,1.0,0.0
equivalents,0.35624437541399506,0.0,0.0,1.0,0.0
marketable,0.5087761797527078,0.0,0.0,1.0,0.0
securities,0.4014796433108277,0.296,0.0,0.0,1.0
realized,0.335463646957859,0.0,0.0,1.0,0.0
receivable,0.17812218770699753,0.0,0.0,1.0,0.0
vendor,0.7577240187248225,0.0,0.0,1.0,0.0
heightened,0.17812218770699753,0.0,0.0,1.0,0.0
worsen,0.17812218770699753,-0.5106,1.0,0.0,0.0
outstanding,0.17812218770699753,0.6124,0.0,0.0,1.0
covered,0.17812218770699753,0.0,0.0,1.0,0.0
collateral,0.17812218770699753,0.0,0.0,1.0,0.0
bank,0.1328869198101648,0.0,0.0,1.0,0.0
concentrated,0.3736054865251061,0.0,0.0,1.0,0.0
unsecured,0.17812218770699753,-0.3818,1.0,0.0,0.0
subassemblies,0.06981805801140478,0.0,0.0,1.0,0.0
assemble,0.17812218770699753,0.0,0.0,1.0,0.0
september,0.17812218770699753,0.0,0.0,1.0,0.0
legislation,0.2864263174025902,0.0,0.0,1.0,0.0
taxes,0.8303573439949006,0.0,0.0,1.0,0.0
ireland,0.4643958389601026,0.0,0.0,1.0,0.0
organized,0.17812218770699753,0.0,0.0,1.0,0.0
differing,0.2752318566979552,0.0,0.0,1.0,0.0
statutory,0.17812218770699753,0.0,0.0,1.0,0.0
valuation,0.17812218770699753,0.0,0.0,1.0,0.0
deferred,0.17812218770699753,0.0,0.0,1.0,0.0
interpretation,0.24499311116419364,0.0,0.0,1.0,0.0
judgment,0.051874401094125035,0.0,0.0,1.0,0.0
interpretations,0.051874401094125035,0.0,0.0,1.0,0.0
examination,0.17812218770699753,0.0,0.0,1.0,0.0
internal,0.22335745560383016,0.0,0.0,1.0,0.0
bodies,0.24499311116419364,0.0,0.0,1.0,0.0
regularly,0.17812218770699753,0.0,0.0,1.0,0.0
assesses,0.17812218770699753,0.0,0.0,1.0,0.0
likelihood,0.22335745560383016,0.0,0.0,1.0,0.0
examinations,0.35624437541399506,0.0,0.0,1.0,0.0
determine,0.2864263174025902,0.0,0.0,1.0,0.0
adequacy,0.17812218770699753,0.0,0.0,1.0,0.0
provision,0.17812218770699753,0.0,0.0,1.0,0.0
ultimate,0.2864263174025902,0.0,0.0,1.0,0.0
determination,0.17812218770699753,0.4019,0.0,0.0,1.0
owed,0.17812218770699753,0.0,0.0,1.0,0.0
previously,0.17812218770699753,0.0,0.0,1.0,0.0
accrued,0.17812218770699753,0.0,0.0,1.0,0.0
extreme,0.24071856671494132,0.0,0.0,1.0,0.0
ways,0.17812218770699753,0.0,0.0,1.0,0.0
unrelated,0.17812218770699753,0.0,0.0,1.0,0.0
average,0.17812218770699753,0.0,0.0,1.0,0.0
repurchases,0.35624437541399506,0.0,0.0,1.0,0.0
point,0.17812218770699753,0.0,0.0,1.0,0.0
reflect,0.35624437541399506,0.0,0.0,1.0,0.0
dividend,0.17812218770699753,0.0,0.0,1.0,0.0
grow,0.17812218770699753,0.0,0.0,1.0,0.0
repurchase,0.35624437541399506,0.0,0.0,1.0,0.0
program,0.35624437541399506,0.0,0.0,1.0,0.0
consummated,0.17812218770699753,0.0,0.0,1.0,0.0
dividends,0.35624437541399506,0.0,0.0,1.0,0.0
declaration,0.17812218770699753,0.0,0.0,1.0,0.0
board,0.19548329881810864,0.0,0.0,1.0,0.0
directors,0.17812218770699753,0.0,0.0,1.0,0.0
obligate,0.17812218770699753,0.0,0.0,1.0,0.0
acquire,0.17812218770699753,0.0,0.0,1.0,0.0
shares,0.17812218770699753,0.296,0.0,0.0,1.0
investor,0.17812218770699753,0.0,0.0,1.0,0.0
points,0.07521868059955458,0.0,0.0,1.0,0.0
sale,0.1378150596074984,0.0,0.0,1.0,0.0
temporarily,0.03760934029977729,0.0,0.0,1.0,0.0
closed,0.03760934029977729,0.0,0.0,1.0,0.0
reopened,0.03760934029977729,0.0,0.0,1.0,0.0
remotely,0.03760934029977729,0.0,0.0,1.0,0.0
fuel,0.12624778661287245,0.0,0.0,1.0,0.0
distracting,0.16385712691264975,-0.296,1.0,0.0,0.0
military,0.12624778661287245,0.0,0.0,1.0,0.0
proposed,0.03588731383455949,0.0,0.0,1.0,0.0
enacted,0.05555299721705703,0.0,0.0,1.0,0.0
conducting,0.059376863155676286,0.0,0.0,1.0,0.0
important,0.10830412969559271,0.2023,0.0,0.0,1.0
understanding,0.10830412969559271,0.0,0.0,1.0,0.0
indirectly,0.10830412969559271,0.0,0.0,1.0,0.0
actual,0.17629770437440082,0.0,0.0,1.0,0.0
emulating,0.10830412969559271,0.0,0.0,1.0,0.0
smaller,0.08863844631309517,0.0,0.0,1.0,0.0
simpler,0.08863844631309517,0.0,0.0,1.0,0.0
cheaper,0.043403178416262476,0.0,0.0,1.0,0.0
traditional,0.08863844631309517,0.0,0.0,1.0,0.0
iphone,0.12796981307809024,0.0,0.0,1.0,0.0
enters,0.10830412969559271,0.0,0.0,1.0,0.0
expand,0.10830412969559271,0.3182,0.0,0.0,1.0
reach,0.10830412969559271,0.0258,0.0,0.0,1.0
propose,0.10830412969559271,0.0,0.0,1.0,0.0
lessen,0.10830412969559271,0.0,0.0,1.0,0.0
piracy,0.10830412969559271,0.0,0.0,1.0,0.0
correctly,0.06306886179876002,0.0,0.0,1.0,0.0
delivers,0.06306886179876002,0.0,0.0,1.0,0.0
mac,0.3148147857972586,0.0,0.0,1.0,0.0
watch,0.021767522855899,0.0,0.0,1.0,0.0
then,0.06306886179876002,0.0,0.0,1.0,0.0
infringed,0.08863844631309517,0.0,0.0,1.0,0.0
corruption,0.1751750531527889,0.0,0.0,1.0,0.0
unidentified,0.08863844631309517,0.0,0.0,1.0,0.0
discovered,0.08863844631309517,0.0,0.0,1.0,0.0
diligence,0.08863844631309517,0.0,0.0,1.0,0.0
personally,0.19384995260921,0.0,0.0,1.0,0.0
identifiable,0.19384995260921,0.0,0.0,1.0,0.0
pii,0.5870372620419144,0.0,0.0,1.0,0.0
compromises,0.08554582291361729,0.0,0.0,1.0,0.0
incident,0.08554582291361729,0.0,0.0,1.0,0.0
sub,0.10830412969559271,0.0,0.0,1.0,0.0
assemblies,0.10830412969559271,0.0,0.0,1.0,0.0
spread,0.019665683382497544,0.0,0.0,1.0,0.0
rapidly,0.019665683382497544,0.0,0.0,1.0,0.0
throughout,0.019665683382497544,0.0,0.0,1.0,0.0
quarantines,0.019665683382497544,0.0,0.0,1.0,0.0
outbreak,0.019665683382497544,0.0,0.0,1.0,0.0
virus,0.019665683382497544,0.0,0.0,1.0,0.0
full,0.019665683382497544,0.0,0.0,1.0,0.0
limitation,0.019665683382497544,-0.296,1.0,0.0,0.0
situations,0.019665683382497544,0.0,0.0,1.0,0.0
developer,0.019665683382497544,0.0,0.0,1.0,0.0
proposals,0.05465104546294246,0.0,0.0,1.0,0.0
regulate,0.019665683382497544,0.0,0.0,1.0,0.0
restructure,0.019665683382497544,0.0,0.0,1.0,0.0
offering,0.05465104546294246,0.0,0.0,1.0,0.0
poses,0.0625963790079438,0.0,0.0,1.0,0.0
postpone,0.04523526789683269,-0.2263,1.0,0.0,0.0
austerity,0.04523526789683269,0.0,0.0,1.0,0.0
differ,0.04523526789683269,0.0,0.0,1.0,0.0
raises,0.04523526789683269,0.0,0.0,1.0,0.0
sold,0.09047053579366537,0.0,0.0,1.0,0.0
correspond,0.04523526789683269,0.0,0.0,1.0,0.0
influence,0.04523526789683269,0.0,0.0,1.0,0.0
behavior,0.04523526789683269,0.0,0.0,1.0,0.0
turmoil,0.04523526789683269,-0.3612,1.0,0.0,0.0
banking,0.04523526789683269,0.0,0.0,1.0,0.0
institution,0.04523526789683269,0.0,0.0,1.0,0.0
tightening,0.04523526789683269,0.0,0.0,1.0,0.0
fixed,0.04523526789683269,0.0,0.0,1.0,0.0
gains,0.04523526789683269,0.34,0.0,0.0,1.0
revaluations,0.04523526789683269,0.0,0.0,1.0,0.0
decreases,0.04523526789683269,0.0,0.0,1.0,0.0
balances,0.04523526789683269,0.0,0.0,1.0,0.0
assigned,0.04523526789683269,0.0,0.0,1.0,0.0
cutting,0.02275830678197542,-0.128,1.0,0.0,0.0
marks,0.06687092345719617,0.0,0.0,1.0,0.0
communication,0.06799357467880811,0.0,0.0,1.0,0.0
ios,0.4555357641667177,0.0,0.0,1.0,0.0
attempt,0.2006127703715885,0.0,0.0,1.0,0.0
alternatively,0.06687092345719617,0.0,0.0,1.0,0.0
breadth,0.04523526789683269,0.0,0.0,1.0,0.0
authorized,0.04523526789683269,0.0,0.0,1.0,0.0
maker,0.04523526789683269,0.0,0.0,1.0,0.0
using,0.09047053579366537,0.0,0.0,1.0,0.0
macos,0.04523526789683269,0.0,0.0,1.0,0.0
contracting,0.04523526789683269,0.0,0.0,1.0,0.0
dominated,0.04523526789683269,0.0,0.0,1.0,0.0
makers,0.04523526789683269,0.0,0.0,1.0,0.0
notably,0.04523526789683269,0.0,0.0,1.0,0.0
accessories,0.09047053579366537,0.0,0.0,1.0,0.0
platform,0.04523526789683269,0.0,0.0,1.0,0.0
early,0.04523526789683269,0.0,0.0,1.0,0.0
stages,0.04523526789683269,0.0,0.0,1.0,0.0
national,0.04523526789683269,0.0,0.0,1.0,0.0
added,0.09047053579366537,0.0,0.0,1.0,0.0
subsidize,0.04523526789683269,0.0,0.0,1.0,0.0
weak,0.02275830678197542,-0.4404,1.0,0.0,0.0
adequate,0.04523526789683269,0.2263,0.0,0.0,1.0
build,0.04523526789683269,0.0,0.0,1.0,0.0
consistent,0.02275830678197542,0.0,0.0,1.0,0.0
normally,0.02275830678197542,0.0,0.0,1.0,0.0
acquired,0.02275830678197542,0.0,0.0,1.0,0.0
combination,0.02275830678197542,0.0,0.0,1.0,0.0
open,0.02275830678197542,0.0,0.0,1.0,0.0
case,0.02275830678197542,0.0,0.0,1.0,0.0
projected,0.02275830678197542,0.0,0.0,1.0,0.0
sole,0.04523526789683269,0.0,0.0,1.0,0.0
sourced,0.06687092345719617,0.0,0.0,1.0,0.0
decreased,0.04523526789683269,0.0,0.0,1.0,0.0
bugs,0.0625963790079438,0.0,0.0,1.0,0.0
music,0.06687092345719617,0.0,0.0,1.0,0.0
movies,0.06687092345719617,0.0,0.0,1.0,0.0
shows,0.06687092345719617,0.0,0.0,1.0,0.0
books,0.06687092345719617,0.0,0.0,1.0,0.0
action,0.06687092345719617,0.0,0.0,1.0,0.0
question,0.04523526789683269,0.0,0.0,1.0,0.0
prospects,0.04523526789683269,0.296,0.0,0.0,1.0
distributed,0.04523526789683269,0.0,0.0,1.0,0.0
perceptions,0.04523526789683269,0.0,0.0,1.0,0.0
rather,0.04523526789683269,0.0,0.0,1.0,0.0
monetize,0.02275830678197542,0.0,0.0,1.0,0.0
purchased,0.02275830678197542,0.0,0.0,1.0,0.0
hold,0.02275830678197542,0.0,0.0,1.0,0.0
portfolios,0.02275830678197542,0.0,0.0,1.0,0.0
validity,0.02275830678197542,0.0,0.0,1.0,0.0
merits,0.02275830678197542,0.4019,0.0,0.0,1.0
litigants,0.04011941789308653,0.0,0.0,1.0,0.0
engage,0.02275830678197542,0.34,0.0,0.0,1.0
protracted,0.02275830678197542,0.0,0.0,1.0,0.0
pay,0.02275830678197542,-0.1027,1.0,0.0,0.0
permanent,0.02275830678197542,0.0,0.0,1.0,0.0
injunction,0.02275830678197542,0.0,0.0,1.0,0.0
prohibiting,0.02275830678197542,0.0,0.0,1.0,0.0
consider,0.02275830678197542,0.0,0.0,1.0,0.0
desirability,0.02275830678197542,0.0,0.0,1.0,0.0
entering,0.02275830678197542,0.0,0.0,1.0,0.0
considers,0.04523526789683269,0.0,0.0,1.0,0.0
remote,0.04523526789683269,0.0,0.0,1.0,0.0
domestic,0.11210619135402886,0.0,0.0,1.0,0.0
promotions,0.06687092345719617,0.0,0.0,1.0,0.0
way,0.06687092345719617,0.0,0.0,1.0,0.0
locking,0.06687092345719617,0.0,0.0,1.0,0.0
carrier,0.13374184691439234,0.0,0.0,1.0,0.0
mandating,0.06687092345719617,0.0,0.0,1.0,0.0
certification,0.13374184691439234,0.0,0.0,1.0,0.0
standardization,0.06687092345719617,0.0,0.0,1.0,0.0
networks,0.06687092345719617,0.0,0.0,1.0,0.0
testing,0.06687092345719617,0.0,0.0,1.0,0.0
shipment,0.06687092345719617,0.0,0.0,1.0,0.0
dates,0.06687092345719617,0.0,0.0,1.0,0.0
doing,0.13374184691439234,0.0,0.0,1.0,0.0
rise,0.06687092345719617,0.0,0.0,1.0,0.0
another,0.06687092345719617,0.0,0.0,1.0,0.0
duties,0.13374184691439234,0.0,0.0,1.0,0.0
antidumping,0.06687092345719617,0.0,0.0,1.0,0.0
collectability,0.09047053579366537,0.0,0.0,1.0,0.0
vehicles,0.04523526789683269,0.0,0.0,1.0,0.0
challenging,0.04523526789683269,0.1531,0.0,0.0,1.0
managing,0.04523526789683269,0.0,0.0,1.0,0.0
cancelled,0.02275830678197542,-0.25,1.0,0.0,0.0
delivery,0.02275830678197542,0.0,0.0,1.0,0.0
processing,0.057480529004197645,0.0,0.0,1.0,0.0
breaches,0.04551661356395084,0.0,0.0,1.0,0.0
curtail,0.04551661356395084,0.0,0.0,1.0,0.0
addresses,0.04551661356395084,0.0,0.0,1.0,0.0
phone,0.02275830678197542,0.0,0.0,1.0,0.0
numbers,0.04551661356395084,0.0,0.0,1.0,0.0
email,0.02275830678197542,0.0,0.0,1.0,0.0
contact,0.02275830678197542,0.0,0.0,1.0,0.0
preferences,0.02275830678197542,0.0,0.0,1.0,0.0
identification,0.02275830678197542,0.0,0.0,1.0,0.0
account,0.02275830678197542,0.0,0.0,1.0,0.0
transmission,0.02275830678197542,0.0,0.0,1.0,0.0
storage,0.02275830678197542,0.0,0.0,1.0,0.0
release,0.02275830678197542,0.0,0.0,1.0,0.0
damaged,0.02275830678197542,-0.4404,1.0,0.0,0.0
possible,0.02275830678197542,0.0,0.0,1.0,0.0
self,0.02275830678197542,0.0,0.0,1.0,0.0
insured,0.02275830678197542,0.0,0.0,1.0,0.0
cyber,0.04551661356395084,0.0,0.0,1.0,0.0
association,0.02275830678197542,0.0,0.0,1.0,0.0
processors,0.02275830678197542,0.0,0.0,1.0,0.0
issuers,0.02275830678197542,0.0,0.0,1.0,0.0
geopolitical,0.13204082345238824,0.0,0.0,1.0,0.0
receive,0.04523526789683269,0.0,0.0,1.0,0.0
headquarters,0.04523526789683269,0.0,0.0,1.0,0.0
configuration,0.06687092345719617,0.0,0.0,1.0,0.0
indirect,0.04523526789683269,0.0,0.0,1.0,0.0
percentages,0.04523526789683269,0.0,0.0,1.0,0.0
shift,0.04523526789683269,0.0,0.0,1.0,0.0
flat,0.04523526789683269,0.0,0.0,1.0,0.0
late,0.04523526789683269,0.0,0.0,1.0,0.0
versus,0.04523526789683269,0.0,0.0,1.0,0.0
ratings,0.04523526789683269,0.0,0.0,1.0,0.0
irs,0.06687092345719617,0.0,0.0,1.0,0.0
flows,0.06687092345719617,0.0,0.0,1.0,0.0
slow,0.034985362080444914,0.0,0.0,1.0,0.0
weather,0.017361111111111112,0.0,0.0,1.0,0.0
chains,0.017361111111111112,0.0,0.0,1.0,0.0
replace,0.017361111111111112,0.0,0.0,1.0,0.0
supersede,0.017361111111111112,0.0,0.0,1.0,0.0
artificial,0.06970758430266713,0.0,0.0,1.0,0.0
intelligence,0.06970758430266713,0.4767,0.0,0.0,1.0
exposing,0.017361111111111112,-0.2732,1.0,0.0,0.0
harmful,0.017361111111111112,0.0,0.0,1.0,0.0
inaccurate,0.017361111111111112,0.0,0.0,1.0,0.0
vulnerabilities,0.017361111111111112,-0.1531,1.0,0.0,0.0
exploited,0.017361111111111112,-0.4588,1.0,0.0,0.0
compromising,0.017361111111111112,0.0,0.0,1.0,0.0
initiated,0.034985362080444914,0.0,0.0,1.0,0.0
taking,0.017361111111111112,0.0,0.0,1.0,0.0
communicate,0.10521922609955743,0.0,0.0,1.0,0.0
storefront,0.034722222222222224,0.0,0.0,1.0,0.0
ipados,0.1388888888888889,0.0,0.0,1.0,0.0
purchasing,0.10521922609955743,0.0,0.0,1.0,0.0
mechanisms,0.10521922609955743,0.0,0.0,1.0,0.0
safari,0.034722222222222224,0.0,0.0,1.0,0.0
seeks,0.034722222222222224,0.0,0.0,1.0,0.0
dma,0.08680555555555555,0.0,0.0,1.0,0.0
methods,0.034722222222222224,0.0,0.0,1.0,0.0
programming,0.017361111111111112,0.0,0.0,1.0,0.0
interfaces,0.017361111111111112,0.0,0.0,1.0,0.0
apis,0.034722222222222224,0.0,0.0,1.0,0.0
reductions,0.017361111111111112,0.0,0.0,1.0,0.0
dependent,0.034985362080444914,0.0,0.0,1.0,0.0
upgrades,0.034985362080444914,0.0,0.0,1.0,0.0
usernames,0.034985362080444914,0.0,0.0,1.0,0.0
frameworks,0.034985362080444914,0.0,0.0,1.0,0.0
broad,0.017361111111111112,0.0,0.0,1.0,0.0
machine,0.052346473191556026,0.0,0.0,1.0,0.0
learning,0.052346473191556026,0.0,0.0,1.0,0.0
expands,0.017361111111111112,0.1027,0.0,0.0,1.0
navigate,0.017361111111111112,0.0,0.0,1.0,0.0
ethical,0.017361111111111112,0.5106,0.0,0.0,1.0
banned,0.034985362080444914,-0.4588,1.0,0.0,0.0
plan,0.034722222222222224,0.0,0.0,1.0,0.0
feedback,0.017361111111111112,0.0,0.0,1.0,0.0
engagement,0.017361111111111112,0.4588,0.0,0.0,1.0
challenged,0.034722222222222224,-0.1027,1.0,0.0,0.0
private,0.017361111111111112,0.0,0.0,1.0,0.0
provides,0.017361111111111112,0.0,0.0,1.0,0.0
lawsuits,0.017361111111111112,-0.1531,1.0,0.0,0.0
alleging,0.017361111111111112,0.0,0.0,1.0,0.0
monopolization,0.034722222222222224,0.0,0.0,1.0,0.0
attempted,0.017361111111111112,0.0,0.0,1.0,0.0
google,0.017361111111111112,0.0,0.0,1.0,0.0
llc,0.017361111111111112,0.0,0.0,1.0,0.0
singapore,0.034985362080444914,0.0,0.0,1.0,0.0
organisation,0.034985362080444914,0.0,0.0,1.0,0.0
modernizing,0.034985362080444914,0.0,0.0,1.0,0.0
minimum,0.034985362080444914,0.0,0.0,1.0,0.0
still,0.04495392222971454,0.0,0.0,1.0,0.0
droughts,0.017624250969333802,0.0,0.0,1.0,0.0
floods,0.017624250969333802,0.0,0.0,1.0,0.0
hurricanes,0.017624250969333802,0.0,0.0,1.0,0.0
wildfires,0.017624250969333802,0.0,0.0,1.0,0.0
march,0.035248501938667604,0.0,0.0,1.0,0.0
allows,0.035248501938667604,0.0,0.0,1.0,0.0
inside,0.035248501938667604,0.0,0.0,1.0,0.0
concentrations,0.017624250969333802,0.0,0.0,1.0,0.0
original,0.021635655560363478,0.3182,0.0,0.0,1.0
protectionist,0.06490696668109044,0.0,0.0,1.0,0.0
